id,domain,status,purchase_price,renewal_price,attractiveness,demand,length,registrar,created_at,expires_at,status_verified_at
e1dec398-6d92-4481-9690-7363c084dab7,geography.site,premium,258.95,1035.2,high,low,9,spaceship,,,28/09/2026 19:20
57937596-7350-4483-975d-59188868569d,geography.bayern,available,34.37,34.37,high,low,9,dynadot,,,28/09/2026 19:20
4a60e91b-9ef6-4d7e-a9ce-5542ee9361bf,geography.space,premium,812.5,3250,high,low,9,namecheap,,,28/09/2026 19:20
507f5225-9d48-44b2-94b4-39eccde2182f,geography.barcelona,available,25.04,25.04,high,low,9,spaceship,,,28/09/2026 19:20
ed6af0c3-984f-44af-9fcb-2059daf17f61,geography.green,available,6.64,66.56,high,low,9,dynadot,,,28/09/2026 19:20
fbe923af-c9d9-4b06-b429-2ac0e3427378,geography.sh,available,31.05,46.58,high,low,9,spaceship,,,28/09/2026 19:20
07ef93cb-e2bc-455e-88b6-dccd0c76dd2a,geography.vacations,available,31.25,31.25,high,low,9,spaceship,,,28/09/2026 19:20
f31549cb-4f6d-4559-874e-53cef717d51b,geography.berlin,available,54.85,54.85,high,low,9,dynadot,,,28/09/2026 19:20
cf516c88-5299-4fa1-b100-d750d2ba817a,geography.science,premium,,,high,low,9,,,,28/09/2026 19:20
beee7016-379f-4c88-902a-cc8ee51a6060,map.space,premium,1625,6500,high,medium,3,namecheap,,,29/09/2026 20:12
3d52cf99-dbf3-47b9-8d90-a9aa5bcf917a,geography.estate,available,30.2,30.2,high,low,9,cloudflare,,,28/09/2026 19:20
cda1eaa7-9978-451a-af63-d3ef095bd6f3,geography.reisen,available,21.98,28.98,high,low,9,namecheap,,,28/09/2026 19:20
bf8a238d-29d7-46c4-bc4a-eb6c7787ded8,geography.melbourne,available,44.98,53.98,high,low,9,namecheap,,,28/09/2026 19:20
33b43927-9951-4999-8bd3-7a1a5fac1ace,geography.land,available,5.38,33.32,high,low,9,spaceship,,,28/09/2026 19:20
427510f9-dfdf-4ebd-81d6-24f1cf13363c,geography.spot,premium,130,130,high,low,9,namecheap,,,28/09/2026 19:20
396e8de8-1066-4abb-b502-09f35c60be38,geography.ag,available,82.5,82.5,high,low,9,dynadot,,,28/09/2026 19:20
81f9c9ed-9bdd-4bdb-ba7c-334bfcf000e7,geography.eco,premium,3850,61.74,high,low,9,dynadot,,,28/09/2026 19:20
ded19ea3-9b63-494e-a4ea-4882e09d082e,geography.house,available,11.59,35.39,high,low,9,spaceship,,,28/09/2026 19:20
1e82f0a7-221b-4da8-8c58-6ce7bc7cf366,geography.hiv,available,184.9,184.9,high,low,9,spaceship,,,28/09/2026 19:20
7440412b-5a45-4f3c-8441-9827445a3382,geography.living,available,1.34,31.25,high,low,9,spaceship,,,28/09/2026 19:20
07aaf998-0ea3-42a3-baa8-d04ccdac5687,geography.asia,available,2,11.99,high,low,9,dynadot,,,28/09/2026 19:20
77ace644-c860-4380-8d46-0b0b8da98de2,geography.voting,available,1398,1448,high,low,9,namecheap,,,28/09/2026 19:20
ce94c585-f513-43b0-bf40-dcdfb873ada0,geography.pictures,available,12.62,12.62,high,low,9,spaceship,,,28/09/2026 19:20
7b24b836-6440-4ecb-b5c2-4dd917034cab,geography.lgbt,available,11.98,93.98,high,low,9,namecheap,,,28/09/2026 19:20
bfb06ba2-aa7b-46e2-838c-0d57671554f9,geography.equipment,available,29.98,32.98,high,low,9,namecheap,,,28/09/2026 19:20
b4320a1b-7943-497b-b4a6-40276e6a54fd,geography.enterprises,available,8.48,28.15,high,low,9,spaceship,,,28/09/2026 19:20
19f4fdbf-cb5b-4216-b82e-fa01fd8400cc,geography.pizza,available,50.2,50.2,high,low,9,cloudflare,,,28/09/2026 19:20
80539228-5627-483d-a244-2088f8653acc,geography.construction,available,30.2,30.2,high,low,9,cloudflare,,,28/09/2026 19:20
80739350-7205-4412-b142-0110ba01acfe,geography.hot,premium,100.5,,high,low,9,unstoppable,,,28/09/2026 19:20
48a1df19-8401-4f1f-9bec-9ab680d02f76,geography.horse,available,26.08,26.08,high,low,9,spaceship,,,28/09/2026 19:20
64613647-cede-4e72-981c-60f7bc113670,geography.church,available,7.45,46.78,high,low,9,spaceship,,,28/09/2026 19:20
7e664092-7d13-4b1f-b7d5-410b923215f3,geography.ing,premium,155.45,155.45,high,low,9,spaceship,,,28/09/2026 19:20
266eb543-9345-4b4d-9f64-160d466ce404,geography.sexy,available,2587.7,2587.7,high,low,9,spaceship,,,28/09/2026 19:20
cea5e42b-1c08-4aac-852e-b067c7b975da,geography.racing,premium,103.7,103.7,high,low,9,spaceship,,,28/09/2026 19:20
bdc5a48a-0640-4f0b-a1fc-f3ef788fffd0,geography.pro,resell,,,high,low,9,,,,28/09/2026 19:20
7095a076-988e-4031-91cf-6be27c81b6c1,geography.toys,available,13.14,51.95,high,low,9,spaceship,,,28/09/2026 19:20
edf3ebfa-489b-4692-a9b4-857316baf3f0,geography.faith,available,10.18,10.18,high,low,9,cloudflare,,,28/09/2026 19:20
5d8a0e77-1797-4949-b18b-15bfb0155a94,geography.cv,premium,1108.25,9.75,high,low,9,dynadot,,,28/09/2026 19:20
27776941-8b5b-4514-99dd-ddc954029e3c,geography.rent,available,1.18,51.95,high,low,9,spaceship,,,28/09/2026 19:20
322b009f-af6b-4c70-9c01-738b65a34fe6,geography.luxe,available,15.2,15.2,high,low,9,cloudflare,,,28/09/2026 19:20
600eadd3-1839-4f06-bbe4-0a72baab715f,geography.vote,available,70.2,70.2,high,low,9,cloudflare,,,28/09/2026 19:20
2af5376c-b7e4-448c-b985-88f3e0394c41,geography.nyc,premium,103.7,26.08,high,low,9,spaceship,,,28/09/2026 19:20
d1891f05-eaf5-4c92-8e96-dfaf00f6ea5d,geography.markets,available,7,,high,low,9,unstoppable,,,28/09/2026 19:20
bcf9e11a-e984-4fe7-8fd3-9f8cc347c419,geography.ventures,available,5.57,49.44,high,low,9,dynadot,,,28/09/2026 19:20
8301f144-7df6-40bc-997b-7bb67ac7afbc,geography.broker,available,13.5,,high,low,9,unstoppable,,,28/09/2026 19:20
c1c53ccd-6913-4138-8031-c8c12340b595,geography.tienda,available,5.57,49.44,high,low,9,dynadot,,,28/09/2026 19:20
abcb52ea-ff6d-4883-aff3-bfac369c9b0e,geography.party,premium,362.45,51.95,high,low,9,spaceship,,,28/09/2026 19:20
5714761f-54ac-4c18-adfd-ee742efd86a5,geography.supply,available,20.2,20.2,high,low,9,cloudflare,,,28/09/2026 19:20
6ba31ce9-ffb0-4d53-9d1d-258f185b887d,geography.dealer,premium,1692.6,2183.84,high,low,9,porkbun,,,28/09/2026 19:20
5af6f0b1-46d3-4289-9acf-7ad2af36e232,geography.casa,available,1.54,10.55,high,low,9,spaceship,,,28/09/2026 19:20
27d42423-4bb3-40b8-a18e-c9608af1c0a3,geography.builders,available,28.15,28.15,high,low,9,spaceship,,,28/09/2026 19:20
364469e8-17d2-4c51-80f4-c66f51ead02b,geography.college,available,45.2,45.2,high,low,9,cloudflare,,,28/09/2026 19:20
98622d30-7ae7-4b54-a4c0-030ceb480853,geography.feedback,available,300.2,300.2,high,low,9,cloudflare,,,28/09/2026 19:20
07837e0a-ac79-4dab-a5b7-9ea46d302c35,geography.degree,premium,1300,1300,high,low,9,namecheap,,,28/09/2026 19:20
e04e7f18-3c69-41fb-8956-b348f67a46c6,geography.sex,available,69.98,154.98,high,low,9,namecheap,,,28/09/2026 19:20
4ef7576a-25c8-4b3b-b302-e84eff26dc8a,geography.tax,available,8.98,85.98,high,low,9,namecheap,,,28/09/2026 19:20
fa47cee6-8d31-4e8d-91f0-40b2bb9ba7ef,geography.mom,available,1.24,26,high,low,9,spaceship,,,28/09/2026 19:20
ac3cbc0e-d574-443c-bbd7-e16189d30647,geography.plus,available,4.34,43.67,high,low,9,spaceship,,,28/09/2026 19:20
b178d081-da22-4271-b7d1-650f2576b3ab,geography.gifts,available,29.18,29.18,high,low,9,spaceship,,,28/09/2026 19:20
7585dd7c-6ba1-4b06-ae2c-00e94af8980b,geography.boo,premium,61.27,61.27,high,low,9,spaceship,,,28/09/2026 19:20
4488fee3-839e-4af1-9b3f-002d93f2d2f7,geography.villas,available,46.2,46.2,high,low,9,cloudflare,,,28/09/2026 19:20
e8d3733f-4383-46aa-8566-53e5f6fd0e9b,map.archi,available,13.39,82.9,high,medium,3,porkbun,,,29/09/2026 20:12
8786abba-67e2-415f-899e-8235aa7973a4,map.land,resell,,,high,medium,3,Porkbun LLC,08/05/2025 18:38,08/05/2027 18:38,29/09/2026 20:12
229058c9-c0ba-4a6b-a941-cd5adc1a6c9e,geography.ltda,available,30.18,30.18,high,low,9,dynadot,,,28/09/2026 19:20
c509135d-953e-4c6c-bf8b-857706b0d138,geography.movie,available,40.98,446.98,high,low,9,namecheap,,,28/09/2026 19:20
c0432432-7634-4d66-8640-13f3d69a5ac2,geography.mov,premium,61.27,61.27,high,low,9,spaceship,,,28/09/2026 19:20
cca46aa7-d797-4ad2-9993-ce14bd991dc0,geography.team,resell,,,high,low,9,,,,28/09/2026 19:20
98764675-15d7-4a55-9533-7f78b0059266,geography.club,premium,1000.5,,high,low,9,unstoppable,,,28/09/2026 19:20
02454064-afcf-4132-b0c1-659cc467e15e,geography.new,available,412.2,412.2,high,low,9,spaceship,,,28/09/2026 19:20
9faba13d-e660-4711-8bd3-408653bb2af9,geography.red,available,8.24,19.48,high,low,9,dynadot,,,28/09/2026 19:20
c06509a5-611e-45d1-b103-4b3ca8bf80ef,geography.legal,available,5.66,57.16,high,low,9,porkbun,,,28/09/2026 19:20
45c2a0f0-079e-482b-9260-6af9e986b4e1,geography.locker,premium,207.2,31.25,high,low,9,spaceship,,,28/09/2026 19:20
c24172e2-b3a5-4cc2-b63c-6cda6d3bf28b,geography.bike,available,8.24,32.21,high,low,9,dynadot,,,28/09/2026 19:20
d0b7c4fd-83a8-429f-809e-ee6181e128ba,geography.inc,premium,1692.6,2183.84,high,low,9,porkbun,,,28/09/2026 19:20
5978fe00-ec55-4ee6-8fd6-41301f92a58a,geography.contractors,available,28.15,28.15,high,low,9,spaceship,,,28/09/2026 19:20
78e3625b-c706-498d-bc3f-b638b4870414,geography.digital,resell,,,high,low,9,,,,28/09/2026 19:20
7869eae1-72a2-4035-be48-8678fe8a923a,geography.christmas,available,1.24,31.16,high,low,9,spaceship,,,28/09/2026 19:20
14aa64a8-c20d-4f2e-b0c3-8e59cd15cd1c,geography.country,available,2140.22,2140.22,high,low,9,dynadot,,,28/09/2026 19:20
67e7e775-5373-4bef-82a3-f8a7479852ac,geography.media,available,11,,high,low,9,unstoppable,,,28/09/2026 19:20
d024fd89-b5e3-4445-8a2d-8343351d3138,geography.fish,available,34.2,34.2,high,low,9,cloudflare,,,28/09/2026 19:20
60b4594d-aa5f-4fd7-bce7-bbec894f6bdf,geography.money,available,16,,high,low,9,unstoppable,,,28/09/2026 19:20
7ac7f9c3-f126-4645-8173-e0e07477d8bb,geography.rehab,available,38.48,47.48,high,low,9,namecheap,,,28/09/2026 19:20
502c634c-dedd-491a-9470-5f3a5d668bfa,geography.family,premium,102.67,102.67,high,low,9,spaceship,,,28/09/2026 19:20
8c6081e1-4df6-43b0-a0fa-0b6d855e58b3,geography.software,available,20,,high,low,9,unstoppable,,,28/09/2026 19:20
6d9623fb-7994-4aeb-bad3-456c151de7e3,geography.sydney,available,42.32,42.32,high,low,9,dynadot,,,28/09/2026 19:20
004f4f4d-9e53-4d7a-b860-7bf772c13b97,geography.world,resell,,,high,low,9,,,,28/09/2026 19:20
0f847da9-c01f-44bf-8a75-753613aad8bd,geography.institute,available,7.71,22.69,high,low,9,dynadot,,,28/09/2026 19:20
f43efa1e-6aee-44fc-ab5b-42f4935f0734,geography.study,premium,5458.82,5458.82,high,low,9,porkbun,,,28/09/2026 19:20
9fd197d7-61f3-46b8-aea2-2333a7b0ddb5,geography.review,premium,1100,110,high,low,9,dynadot,,,28/09/2026 19:20
9929ca57-2444-47d1-a7c4-b3d618712484,geography.actor,available,8.48,35.39,high,low,9,spaceship,,,28/09/2026 19:20
a4630424-89a4-4ad8-b16d-3c03b70b6503,geography.xyz,resell,,,high,low,9,"GoDaddy.com, LLC",02/06/2014 17:10,02/06/2027 23:59,28/09/2026 19:20
ba5151d1-74d9-4149-9672-5ba6fe600a08,geography.holiday,available,67.98,81.98,high,low,9,namecheap,,,28/09/2026 19:20
c5867f41-d394-407d-906e-3aea0a71aeb0,geography.services,available,4.86,31.25,high,low,9,spaceship,,,28/09/2026 19:20
c5abeba4-674c-4ea1-bee7-5a25f6395192,geography.coach,available,10.55,62.3,high,low,9,spaceship,,,28/09/2026 19:20
1e2c12dd-e9d8-4765-aba8-66784c821e28,geography.esq,premium,92.32,92.32,high,low,9,spaceship,,,28/09/2026 19:20
6bcaf58c-d4f3-4193-bcb9-8b1d8f79c52f,geography.camera,available,46.78,46.78,high,low,9,spaceship,,,28/09/2026 19:20
c78941fc-deae-45be-9ddc-928135966616,geography.fun,premium,2500.2,,high,low,9,unstoppable,,,28/09/2026 19:20
b96603a2-e780-44b7-839a-8ea9da7888c3,geography.fail,available,31.25,31.25,high,low,9,spaceship,,,28/09/2026 19:20
4393a57c-2805-45fe-b5b7-8e89199e660b,geography.taxi,available,7.96,49.88,high,low,9,spaceship,,,28/09/2026 19:20
8aa7e2bd-f5b5-4d92-818c-6ed4bb0d72a5,geography.hosting,available,300.2,300.2,high,low,9,cloudflare,,,28/09/2026 19:20
e231c647-29da-457b-885d-b08317dcf61c,geography.vegas,available,15.96,43.39,high,low,9,porkbun,,,28/09/2026 19:20
b22e80f2-549e-495a-8293-cbffba8f8e84,geography.lease,available,43.2,43.2,high,low,9,cloudflare,,,28/09/2026 19:20
37768bd3-e461-4b02-8717-65c2f250b503,map.berlin,resell,,,high,medium,3,,27/11/2015 16:02,27/11/2027 16:02,29/09/2026 20:12
4ec27184-55a1-4e4d-809d-b172cff62078,geography.shoes,available,31.25,51.95,high,low,9,spaceship,,,28/09/2026 19:20
dd2422ce-fdee-4c65-90c2-7655206f56ce,geography.associates,available,17.5,,high,low,9,unstoppable,,,28/09/2026 19:20
669eec39-74fb-4c4c-9f7d-389759031516,geography.cab,available,12.87,26.26,high,low,9,porkbun,,,28/09/2026 19:20
1158def5-ac55-4bd3-815a-2c054cf539d3,geography.exchange,available,12,,high,low,9,unstoppable,,,28/09/2026 19:20
3ace7f3d-195a-4bc6-be2e-4ab9ac9f10b0,geography.soy,premium,40.57,40.57,high,low,9,spaceship,,,28/09/2026 19:20
8caa314b-7fb0-41ac-9597-ddf4b36330d5,geography.maison,available,45.74,45.74,high,low,9,spaceship,,,28/09/2026 19:20
97214d4f-26a8-4a40-972b-d1d3bc2c9256,map.melbourne,premium,385.88,385.88,high,medium,3,dynadot,,,29/09/2026 20:12
072b6655-bc05-43fc-807b-fd7e97b3cc24,geography.expert,available,6.69,49.95,high,low,9,porkbun,,,28/09/2026 19:20
5ae5fcf3-7417-439d-b256-f4983718745c,geography.care,available,10.03,35.39,high,low,9,spaceship,,,28/09/2026 19:20
ba5ec21e-72af-4b49-84cc-2faedbc8757a,geography.irish,available,5.66,18.02,high,low,9,porkbun,,,28/09/2026 19:20
60de5b97-4435-4086-b4d9-cd5b4c1c8199,geography.bio,available,5.38,58.16,high,low,9,spaceship,,,28/09/2026 19:20
ddac950d-a5c5-4519-bf82-1a13e7544d2e,geography.audio,available,93.35,103.4,high,low,9,spaceship,,,28/09/2026 19:20
a695eb17-7259-4fb6-a721-d0fde0bae443,map.spot,premium,2750,2750,high,medium,3,dynadot,,,29/09/2026 20:12
5f8292b0-4956-4a28-9049-80d35f05b895,geography.coffee,available,6.41,34.36,high,low,9,spaceship,,,28/09/2026 19:20
b6f4549c-cfb3-4036-b6e6-2af4f49aa57e,geography.zone,available,12,51.98,high,low,9,unstoppable,,,28/09/2026 19:20
d07cd7b9-d918-4bc2-8726-a82add11846a,geography.storage,available,500.2,500.2,high,low,9,cloudflare,,,28/09/2026 19:20
4d60112b-4eaf-452e-9c91-ec628c5d53b7,map.viajes,available,35.18,35.18,high,medium,3,spaceship,,,29/09/2026 20:12
4456d625-03b3-4c73-8b37-e8e1422c7018,geography.bond,premium,59.71,119.23,high,low,9,spaceship,,,28/09/2026 19:20
0144a9d5-3725-4dc4-8a41-5a4ab150cc9e,geography.direct,available,13.14,33.32,high,low,9,spaceship,,,28/09/2026 19:20
f5cb2558-4c7e-4734-b013-c9a469342555,geography.video,premium,99.5,,high,low,9,unstoppable,,,28/09/2026 19:20
6461b940-0ef9-4bde-a47a-cac4970b3561,geography.florist,available,26.08,26.08,high,low,9,spaceship,,,28/09/2026 19:20
71fb44b4-7a6c-464c-a800-2c43f54b2e9b,geography.bet,available,7.96,20.9,high,low,9,spaceship,,,28/09/2026 19:20
0027b38e-6e7a-4c94-a250-ac6dad3c9aa6,map.science,premium,650,84.5,high,medium,3,namecheap,,,29/09/2026 20:12
4da802c8-b728-4572-abf4-62d38471f8f1,geography.accountant,premium,362.45,51.95,high,low,9,spaceship,,,28/09/2026 19:20
0726b9c6-d948-4e7b-a4aa-241c343af1e0,map.cruises,premium,128.7,128.7,high,medium,3,namecheap,,,29/09/2026 20:12
a29aa861-5a03-416a-aa0e-2590ad68b2ab,geography.cyou,premium,63.25,126.5,high,low,9,dynadot,,,28/09/2026 19:20
a1c010c1-5d86-4472-8e20-0be04e987d0e,geography.luxury,available,26,26,high,low,9,spaceship,,,28/09/2026 19:20
99db9fa9-9d14-4b90-a080-b540400dbb93,geography.technology,available,22.2,22.2,high,low,9,cloudflare,,,28/09/2026 19:20
5f768b68-9ece-492e-b806-62a5c18f2539,geography.rentals,available,10.5,,high,low,9,unstoppable,,,28/09/2026 19:20
9779e8bc-392b-4363-b759-c3633f992a1c,geography.adult,available,51.95,98.53,high,low,9,spaceship,,,28/09/2026 19:20
1a1c660a-2f7f-40cb-acc3-97fd0dd89771,geography.juegos,available,321.22,321.22,high,low,9,dynadot,,,28/09/2026 19:20
c463391d-0209-4193-84e5-5f86b27ba546,geography.community,available,36.43,36.43,high,low,9,spaceship,,,28/09/2026 19:20
571812bb-6ae9-4f70-94ef-b0b15ef95fb1,geography.limited,available,29.18,29.18,high,low,9,spaceship,,,28/09/2026 19:20
e1df72db-4f51-4c71-90d8-8a812bc6c892,geography.democrat,available,5.38,26.08,high,low,9,spaceship,,,28/09/2026 19:20
84d08640-a4d0-4097-b6ba-fb6f7fe4716d,geography.ltd,available,4.34,25.04,high,low,9,spaceship,,,28/09/2026 19:20
c047e832-7b14-4b63-909a-9e2ab640c904,geography.ai,resell,,,high,low,9,,,,28/09/2026 19:20
61407287-e2b8-41e5-b13f-df6dcf4579dc,geography.buzz,premium,103.7,51.95,high,low,9,spaceship,,,28/09/2026 19:20
8b705437-44b1-4270-b849-94eb87c9f8ff,geography.fishing,available,25.2,25.2,high,low,9,cloudflare,,,28/09/2026 19:20
467c37ad-a2c3-4a31-b56b-4c55329aac71,geography.london,available,10.18,28.2,high,low,9,spaceship,,,28/09/2026 19:20
a2105fae-58cf-4bfc-875b-f00b9b4fb9a6,geography.day,premium,76.7,76.7,high,low,9,namecheap,,,28/09/2026 19:20
1cfa1bff-76ec-4da4-9314-f3b132c3686d,geography.golf,available,6.41,51.95,high,low,9,spaceship,,,28/09/2026 19:20
417e0877-dcfb-4c38-a927-f77f3625c58e,map.la,resell,,,high,medium,3,LA Domain Names,26/05/2022 13:46,26/05/2027 23:59,29/09/2026 20:12
fde05fb4-9b65-41d2-936a-244ff8dbfa02,geography.bargains,available,17,,high,low,9,unstoppable,,,28/09/2026 19:20
25e5206d-52d0-463d-9c94-6b408c6179cf,geography.credit,available,6.69,82.9,high,low,9,porkbun,,,28/09/2026 19:20
68d62900-7248-4c37-b829-44b43358b757,geography.beer,available,1.98,43.98,high,low,9,namecheap,,,28/09/2026 19:20
e95aa6ac-d825-4763-beb6-a7aceef0a8d8,geography.blackfriday,available,103.5,103.5,high,low,9,porkbun,,,28/09/2026 19:20
b5977d56-8d91-4180-a57d-3af0fee3c976,geography.security,available,1863.2,2000.18,high,low,9,spaceship,,,28/09/2026 19:20
22637efe-55dd-4e28-a2ea-35d5449bd3e6,geography.apartments,available,60.98,72.98,high,low,9,namecheap,,,28/09/2026 19:20
35f35e83-b2b7-4b55-9985-37483c015e53,geography.zip,premium,59.2,,high,low,9,unstoppable,,,28/09/2026 19:20
05d95644-b93d-4f52-9ca9-a8e826b68294,geography.promo,available,10.55,19.87,high,low,9,spaceship,,,28/09/2026 19:20
7e7cf016-f89e-4604-9aee-f409ad107080,geography.xxx,available,51.95,98.53,high,low,9,spaceship,,,28/09/2026 19:20
77396749-fdde-4092-a2a8-d86347a4a0ae,geography.food,available,4.98,48.98,high,low,9,namecheap,,,28/09/2026 19:20
6bf6c6ea-8d06-497d-b1d5-b6856e6fc66f,geography.online,premium,647.08,2587.7,high,low,9,spaceship,,,28/09/2026 19:20
4801a5ca-8ba3-457c-9e7a-1b95a21a8070,geography.salon,available,45.74,45.74,high,low,9,spaceship,,,28/09/2026 19:20
256cae2b-3fb0-43c3-bb88-67e2a37d041c,map.realty,premium,3622.7,5175.2,high,medium,3,spaceship,,,29/09/2026 20:12
185ef333-e9b2-4fab-8e89-99639f17558f,geography.wiki,premium,130,130,high,low,9,namecheap,,,28/09/2026 19:20
c5962de6-bf52-435c-87ec-43d2abe5ddba,geography.parts,available,8.78,34.46,high,low,9,dynadot,,,28/09/2026 19:20
f8112267-e0b7-4666-91f5-841ecc874cdd,geography.engineer,available,31.25,31.25,high,low,9,spaceship,,,28/09/2026 19:20
31995e10-1156-430b-a48c-3e35aa05ea7d,geography.voyage,available,5.66,46.86,high,low,9,porkbun,,,28/09/2026 19:20
ab22be39-f9d1-40ba-8ab7-1c4f0d38a3aa,map.boats,resell,,,high,medium,3,"NameCheap, Inc.",21/03/2026 04:28,21/03/2027 23:59,29/09/2026 20:12
07152a98-29ce-4344-b0d3-f420daf461b6,geography.camp,available,49.88,49.88,high,low,9,spaceship,,,28/09/2026 19:20
30543124-0253-411b-b767-22c15667d0ac,map.salon,available,10.81,45.83,high,medium,3,porkbun,,,29/09/2026 20:12
5fe4d246-df75-4279-a7ce-beef4aca66da,geography.cat,available,18.83,25.04,high,low,9,spaceship,,,28/09/2026 19:20
79af2bb9-4b62-4b9e-9140-b9a194c367e5,geography.help,resell,,,high,low,9,,,,28/09/2026 19:20
2e51eb7a-ac1d-4895-9210-f1140912b2f9,geography.engineering,available,9.52,51.95,high,low,9,spaceship,,,28/09/2026 19:20
85943606-0b12-4564-8bcd-c107a5dd0987,map.rocks,resell,,,high,medium,3,,,,29/09/2026 20:12
835b40fe-735b-4b2f-8e60-aa4c9871a3a8,map.study,premium,517.7,517.7,high,medium,3,spaceship,,,29/09/2026 20:12
cd157df8-f285-4c25-a36c-bbc52a6c625b,geography.gmbh,available,36.43,36.43,high,low,9,spaceship,,,28/09/2026 19:20
bdd554f0-1de8-49db-ba49-91fbcc6c8495,geography.today,available,2.57,23.17,high,low,9,porkbun,,,28/09/2026 19:20
cc8eb236-d311-4f33-b10c-ad0d3d0dbe72,geography.tools,available,8.48,47.48,high,low,9,namecheap,,,28/09/2026 19:20
e5db1aee-f32d-4465-8aa8-d2f6d964fc0f,geography.top,available,1.6,4.05,high,low,9,spaceship,,,28/09/2026 19:20
8e88ad93-538b-4f7a-8735-b414329797b1,map.city,resell,,,high,medium,3,Dynadot Inc,05/08/2015 16:00,05/08/2027 16:00,29/09/2026 20:12
0f07bd31-98c9-49f6-97fa-b276ed5496c2,geography.style,available,16,,high,low,9,unstoppable,,,28/09/2026 19:20
528a5df4-7035-4049-abf2-f1781809073b,map.ooo,premium,7975,109.98,high,medium,3,dynadot,,,29/09/2026 20:12
636df1f6-d26b-4d2b-8087-8b290d694aab,map.car,available,2140.22,2140.22,high,medium,3,dynadot,,,29/09/2026 20:12
5137bf0e-e4f4-4aca-92e2-03211dc4f1a6,geography.nexus,premium,,,high,low,9,,,,28/09/2026 19:20
6848c23b-1a7c-48f1-ba47-22592c919f7f,geography.attorney,available,49.88,49.88,high,low,9,spaceship,,,28/09/2026 19:20
b415b057-8e8a-4f15-93db-d36c790bece0,map.onl,premium,,,high,medium,3,"Name.com, Inc.",01/02/2024 21:20,01/02/2027 21:20,29/09/2026 20:12
efd02f5d-6a5e-41ed-a3fe-f8ce1006f4a5,map.cool,premium,207.2,207.2,high,medium,3,spaceship,,,29/09/2026 20:12
e70f53eb-d247-4bef-8e30-c084e1385cef,geography.rodeo,available,13.98,17.98,high,low,9,namecheap,,,28/09/2026 19:20
b18d6c5d-7d73-415d-a7d8-5c643acc3a7a,geography.game,available,300.2,300.2,high,low,9,cloudflare,,,28/09/2026 19:20
e8540625-0cbd-4920-af0b-f8b667e03356,geography.marketing,available,32.2,32.2,high,low,9,cloudflare,,,28/09/2026 19:20
340c0c0b-999c-4c5d-a441-742717c4940a,map.lease,premium,68.51,68.51,high,medium,3,spaceship,,,29/09/2026 20:12
bdfe99d0-27c6-4d22-bd1a-72326b1da024,geography.how,available,20.2,20.2,high,low,9,cloudflare,,,28/09/2026 19:20
9f4976af-e9fb-4bc2-a154-75bb8e65eff7,geography.furniture,available,26.5,,high,low,9,unstoppable,,,28/09/2026 19:20
d83bac92-f797-4d3b-852e-09dc26273820,geography.ink,available,1.75,26.08,high,low,9,spaceship,,,28/09/2026 19:20
3eca840d-06e8-48b0-a7e6-a2277251c799,geography.moe,premium,88,13.06,high,low,9,dynadot,,,28/09/2026 19:20
2b2f8b1e-5c6b-4498-a345-de55ee977e22,map.actor,available,10.81,35.53,high,medium,3,porkbun,,,29/09/2026 20:12
9c8c34fa-8620-4179-b0bf-0457243f59fb,geography.hiphop,available,20.9,20.9,high,low,9,spaceship,,,28/09/2026 19:20
b40a4095-57b1-4785-bc84-aa0ea2bf2eba,geography.fan,available,43.67,43.67,high,low,9,spaceship,,,28/09/2026 19:20
ccc1282d-180b-4048-9a70-a8d61bb1a90e,map.mortgage,premium,220,220,high,medium,3,dynadot,,,29/09/2026 20:12
6185b423-4872-4257-8fb9-dc6abe4ca011,map.solar,premium,128.7,128.7,high,medium,3,namecheap,,,29/09/2026 20:12
1bf394fb-3cda-4996-9ddb-73d269a70754,geography.forum,available,1.24,31.16,high,low,9,spaceship,,,28/09/2026 19:20
50056acd-357f-4cc8-835c-90713808d6bf,geography.us,resell,,,high,low,9,"GoDaddy.com, LLC",24/04/2002 14:05,23/04/2027 23:59,28/09/2026 19:20
a30b08c6-564f-4fdd-a1d8-1fa314403467,geography.email,available,4.98,40.98,high,low,9,namecheap,,,28/09/2026 19:20
899fe26a-46f1-4eb3-9d23-d878829fa8fb,geography.paris,available,66.98,66.98,high,low,9,namecheap,,,28/09/2026 19:20
78df9598-353f-414c-a1dc-afa220c10798,geography.immobilien,available,39.98,43.98,high,low,9,namecheap,,,28/09/2026 19:20
cb8b81d8-28fd-41f0-a974-a43c89a4ffb6,geography.courses,premium,5175.2,5175.2,high,low,9,spaceship,,,28/09/2026 19:20
7030f57b-fa4e-4a86-bb62-93df1603c04b,map.fast,premium,517.7,517.7,high,medium,3,spaceship,,,29/09/2026 20:12
97490dc2-e4af-4af3-9848-85f008a3b01c,map.green,premium,650,650,high,medium,3,namecheap,,,29/09/2026 20:12
e92cc6ef-9eb7-44a6-a82e-229613f58e1f,cartography.co,resell,4600,48.99,high,high,11,"GoDaddy.com, LLC",26/07/2010 22:03,25/07/2027 23:59,26/09/2026 04:47
4e2aa097-3740-49e0-ac75-a0d73421a990,geography.report,available,6.69,20.08,high,low,9,porkbun,,,28/09/2026 19:20
0b3ef1c7-ebe1-437b-961c-299f19e59f6b,geography.hamburg,available,69.98,73.98,high,low,9,namecheap,,,28/09/2026 19:20
b6cfca92-3484-4885-b577-3164b87ee55d,geography.shop,premium,,,high,low,9,,,,28/09/2026 19:20
7b777fc8-02d7-4dce-9c7f-f96f69a6f2e1,geography.deals,available,30.2,30.2,high,low,9,cloudflare,,,28/09/2026 19:20
fb76e0d1-1c94-40f9-8ef8-ba14d6c219cc,geography.miami,available,24.98,30.98,high,low,9,namecheap,,,28/09/2026 19:20
b5e0cf6a-e8b2-423d-99fd-26583bbd214a,map.online,premium,2587.7,10350.2,high,medium,3,spaceship,,,29/09/2026 20:12
77a89ced-cea7-4575-9974-69c6e0e1a5ca,map.diet,available,93.35,103.4,high,medium,3,spaceship,,,29/09/2026 20:12
5f57a6b9-17bf-467a-8c7e-1bc99e1c3e8e,geography.theater,available,51.95,51.95,high,low,9,spaceship,,,28/09/2026 19:20
68e9583b-b3e9-43b6-b5ec-bb30bb16d73e,geography.cash,available,12,,high,low,9,unstoppable,,,28/09/2026 19:20
c85f5d7b-7723-4e57-9967-04944318de5d,geography.works,available,30.2,30.2,high,low,9,cloudflare,,,28/09/2026 19:20
6981173e-a5df-46be-b685-8c26ca6fcf3b,map.education,premium,68.51,68.51,high,medium,3,spaceship,,,29/09/2026 20:12
475410a6-901a-4cb0-b4e2-d2339a2fc1b9,geography.mx,available,36.64,42.52,high,low,9,dynadot,,,28/09/2026 19:20
2a5875f5-2874-41d9-90b7-7d8f3b26a5ac,map.day,premium,1034.17,1034.17,high,medium,3,spaceship,,,29/09/2026 20:12
0c616a03-da2a-40cc-8e4b-acbae7d04c9f,map.industries,premium,102.67,102.67,high,medium,3,spaceship,,,29/09/2026 20:12
28c1c1a2-c7cf-4f4a-a6d3-3fb0f01ad842,geography.university,premium,68.51,68.51,high,low,9,spaceship,,,28/09/2026 19:20
1fe8e8a6-b85f-4d0d-9e83-bfd860c3e59e,map.plumbing,available,58.16,58.16,high,medium,3,spaceship,,,29/09/2026 20:12
c7f4f8ad-86f9-4e6f-8bbe-fc082855658b,geography.page,premium,59.2,,high,low,9,unstoppable,,,28/09/2026 19:20
67624def-8849-4f96-aaa1-81e26108b2ea,geography.domains,available,34.36,34.36,high,low,9,spaceship,,,28/09/2026 19:20
5dc5fc19-5823-4de8-b59e-9db973eb0edf,geography.show,available,14.17,35.39,high,low,9,spaceship,,,28/09/2026 19:20
a89b9f96-a976-47ee-9782-e15b7d5d0c84,geography.directory,available,4.34,21.94,high,low,9,spaceship,,,28/09/2026 19:20
03db9c03-7d0b-4e44-afc7-da5b8aad0502,geography.football,available,10.81,21.11,high,low,9,porkbun,,,28/09/2026 19:20
7e91c07f-a665-456b-8900-5ad73347cdcf,geography.kiwi,available,31.98,35.68,high,low,9,namecheap,,,28/09/2026 19:20
3e894807-cbe9-40b5-b9d3-a57dd3a13391,map.press,premium,258.95,517.7,high,medium,3,spaceship,,,29/09/2026 20:12
0d68afbd-c3ec-4fdc-8120-222ca5a4a78c,geography.you,premium,55,55,high,low,9,dynadot,,,28/09/2026 19:20
1178692a-4766-4eea-9512-6819c83276f2,geography.properties,available,14.17,31.25,high,low,9,spaceship,,,28/09/2026 19:20
458d97b0-1d66-4d1c-bf16-56a27018c35a,geography.onl,available,18.2,18.2,high,low,9,cloudflare,,,28/09/2026 19:20
1f67d75b-9afe-4374-ab81-04d004345e48,geography.sbs,premium,74.75,149.5,high,low,9,namecheap,,,28/09/2026 19:20
40d42f77-fd82-4664-bddb-bb7cdcdbda06,map.villas,premium,128.7,128.7,high,medium,3,namecheap,,,29/09/2026 20:12
bb5e2389-1ef7-4a8b-8185-f9c9b3f5c8e5,map.wedding,premium,1040,32.5,high,medium,3,namecheap,,,29/09/2026 20:12
8fc84691-101e-4351-b62f-589cd816df09,geography.vet,available,33.32,33.32,high,low,9,spaceship,,,28/09/2026 19:20
ef1213e5-1477-4ade-a9ed-7a88b0a6625d,geography.guide,premium,85.8,85.8,high,low,9,namecheap,,,28/09/2026 19:20
ec9b42c5-c514-4ce9-9670-fc021b9d5bfb,map.delivery,resell,,,high,medium,3,Dynadot Inc,23/06/2026 17:00,23/06/2027 17:00,29/09/2026 20:12
3794687e-4240-4a80-9743-cf29d8c27d13,geography.mobile,premium,660,660,high,low,9,dynadot,,,28/09/2026 19:20
86652570-872a-4136-b051-5fce341be038,map.blog,premium,1293.95,5175.2,high,medium,3,spaceship,,,29/09/2026 20:12
20310a9e-3253-4700-9af4-f3c606b2ce37,geography.city,available,22.2,22.2,high,low,9,cloudflare,,,28/09/2026 19:20
46956cc3-437e-42ad-9dbe-25233ef6e79b,geography.voto,available,10.55,55.93,high,low,9,spaceship,,,28/09/2026 19:20
39d21502-37e0-40ff-947b-7518148a08ab,map.security,available,2060.25,2060.25,high,medium,3,porkbun,,,29/09/2026 20:12
1fa6084a-a5f1-421a-a84a-149ad839a607,geography.lifestyle,available,1.24,31.25,high,low,9,spaceship,,,28/09/2026 19:20
ef83424f-bc18-4165-9e6a-65b686ca2f25,geography.kitchen,available,50.2,50.2,high,low,9,cloudflare,,,28/09/2026 19:20
c2ed249a-560b-4d63-8ea0-dab8500d3ad5,geography.boutique,available,5.5,,high,low,9,unstoppable,,,28/09/2026 19:20
c926079a-95cf-4543-a3e9-6a3839f899b7,geography.moi,available,27,,high,low,9,unstoppable,,,28/09/2026 19:20
c1f68d6c-3b95-4e57-823e-bccc619ecf72,map.charity,premium,218.86,218.86,high,medium,3,porkbun,,,29/09/2026 20:12
1d7883a9-70f9-451c-a1ba-73bdefdfdcb7,map.clothing,premium,102.67,102.67,high,medium,3,spaceship,,,29/09/2026 20:12
98332dc0-c668-427b-86d4-9ae4b05a0996,map.cricket,premium,5458.82,109.69,high,medium,3,porkbun,,,29/09/2026 20:12
f014cfe6-ee6b-4cee-b68a-f6e8cd5da66e,geography.codes,available,3.98,92.98,high,low,9,namecheap,,,28/09/2026 19:20
9dd2aafb-0506-4d17-9c70-1252fda73476,map.auto,available,2070,2950,high,medium,3,namecheap,,,29/09/2026 20:12
c6b3b462-09d4-4a58-8bd2-e230802b2d93,map.zip,premium,999.2,1298.7,high,medium,3,unstoppable,,,29/09/2026 20:12
e2715015-d47a-40ae-a82a-023facacce95,map.film,premium,260,260,high,medium,3,namecheap,,,29/09/2026 20:12
d742fcd6-3ff9-4cdc-8e13-51d3d4a76520,map.qpon,premium,2750,21.94,high,medium,3,dynadot,,,29/09/2026 20:12
81464ba4-aff2-4bf0-894d-4ea4e9aa889d,geography.foo,premium,59.2,,high,low,9,unstoppable,,,28/09/2026 19:20
b3a53d9e-d59e-4243-b649-49c4ff7a0d3f,geography.casino,available,125.2,125.2,high,low,9,cloudflare,,,28/09/2026 19:20
ccf73b69-27fd-43a6-8ddd-6db7e472546d,geography.photo,available,26.08,26.08,high,low,9,spaceship,,,28/09/2026 19:20
155fce09-b11a-4872-8167-9e55ee57546a,geography.film,available,77.98,97.98,high,low,9,namecheap,,,28/09/2026 19:20
f05f6b52-1689-4d52-8d41-a8234f2656ca,map.dating,available,50.2,50.2,high,medium,3,cloudflare,,,29/09/2026 20:12
556b6ee0-071d-4abf-afaf-318c9e6f1f96,geography.yoga,available,26.08,26.08,high,low,9,spaceship,,,28/09/2026 19:20
9b6372e3-8a4f-44e5-8309-9c6e0f568260,cartography.tech,premium,640,640,high,high,11,namesilo,,,27/09/2026 05:00
62b03190-02e6-45e8-9759-940b057378b4,map.design,premium,650.5,845,high,medium,3,unstoppable,,,29/09/2026 20:12
e7fc2990-8899-4aea-acb1-708007ba4508,geography.gripe,available,5.38,5.38,high,low,9,spaceship,,,28/09/2026 19:20
38726f07-c999-4754-bbd3-527d08e23766,geography.singles,available,9,,high,low,9,unstoppable,,,28/09/2026 19:20
a5acec36-a90f-49b6-b2c8-35a4b343a9ba,geography.partners,available,9.52,57.13,high,low,9,spaceship,,,28/09/2026 19:20
1a7d16ab-9ea4-4dca-bfda-7e1fbeabb7da,geography.now,premium,100.5,,high,low,9,unstoppable,,,28/09/2026 19:20
c34b922a-dc77-4fc6-a18a-c51f4c7b4d66,geography.garden,available,1.24,26.08,high,low,9,spaceship,,,28/09/2026 19:20
3d9812a9-8095-4f3c-ace1-19b863e28d8f,geography.airforce,available,82.9,82.9,high,low,9,porkbun,,,28/09/2026 19:20
f7e874b2-a4f6-4332-a25b-03a625ca740b,geography.glass,available,60.14,60.14,high,low,9,dynadot,,,28/09/2026 19:20
1ac73011-74ad-427b-a0ae-e1c7b4fc3a44,geography.accountants,available,23.17,93.2,high,low,9,porkbun,,,28/09/2026 19:20
d9ecb066-eaca-4920-b43a-a499ab1c27f1,geography.rsvp,premium,,,high,low,9,,,,28/09/2026 19:20
d9f241f0-a452-493c-9c12-a73926f84552,geography.im,available,4.18,6.73,high,low,9,spaceship,,,28/09/2026 19:20
63555181-08bf-49ee-a235-a65c9bd94ccb,geography.republican,available,5.57,26.97,high,low,9,dynadot,,,28/09/2026 19:20
5f4dc32d-7e5c-4ffb-8e57-54011c5bf958,map.love,premium,11040,11040,high,medium,3,namesilo,,,29/09/2026 20:12
5c24428a-a568-4cd8-b5b6-27971fb1af6d,map.agency,resell,,,high,medium,3,Porkbun LLC,01/01/2019 23:25,01/01/2027 23:25,29/09/2026 20:12
b87f8b6a-a3de-4f59-927e-d1708960283e,geography.website,premium,1092.18,1092.18,high,low,9,porkbun,,,28/09/2026 19:20
ecf1ae4f-ccaa-4e17-b06e-59f365b94cad,geography.dog,available,5.38,51.95,high,low,9,spaceship,,,28/09/2026 19:20
ed5df993-7031-4b12-8e10-ba523aed3b38,geography.vision,available,36.43,36.43,high,low,9,spaceship,,,28/09/2026 19:20
4dd6c10c-9650-4a93-952c-4c3d6d274174,geography.graphics,available,19.05,19.05,high,low,9,porkbun,,,28/09/2026 19:20
77743839-d237-4a97-8f55-91795debcd86,geography.forsale,premium,102.67,102.67,high,low,9,spaceship,,,28/09/2026 19:20
64f9c973-540b-465b-9373-a379042e3d43,map.nexus,premium,1298.7,1298.7,high,medium,3,namecheap,,,29/09/2026 20:12
b91b44de-aed2-4679-9e06-174be31a4dbc,map.faith,premium,650,84.5,high,medium,3,namecheap,,,29/09/2026 20:12
3bc9b3c9-77f1-4af3-9a0c-8eac4a48428e,geography.discount,available,24.01,24.01,high,low,9,spaceship,,,28/09/2026 19:20
a929acee-874b-499e-b62f-ed0e3395b9d0,geography.icu,premium,59.71,119.23,high,low,9,spaceship,,,28/09/2026 19:20
4902534d-1f69-4cab-afc1-4aef8f2aadba,topography.zone,available,51.98,,high,high,10,namecheap,,,
14b724fa-9644-4f6d-a4b0-58f6bdd68239,geography.diamonds,available,57.98,72.98,high,low,9,namecheap,,,28/09/2026 19:20
74dc5615-d437-46cb-a997-c280442dcc87,geography.ac,available,27.5,49.5,high,low,9,dynadot,,,28/09/2026 19:20
9643e336-e4d5-47c5-8def-d26b961b67ea,geography.gay,available,2.06,31.41,high,low,9,porkbun,,,28/09/2026 19:20
e593d066-c4aa-4a49-a25a-f2747c535905,map.phd,premium,1344.67,1344.67,high,medium,3,spaceship,,,29/09/2026 20:12
07a1419c-b17e-40a8-846a-8ef65c87a724,map.moi,premium,750.5,,high,medium,3,unstoppable,,,29/09/2026 20:12
63486720-2370-4d8d-977a-8a00405bf09e,geography.diy,available,30.2,30.2,high,low,9,cloudflare,,,28/09/2026 19:20
424f410c-1134-4280-b8c4-403b78988a03,map.law,resell,,,high,medium,3,,,,29/09/2026 20:12
24d5b0e1-a99c-41ee-b1a5-d797e1c20deb,geography.fitness,available,2.79,33.32,high,low,9,spaceship,,,28/09/2026 19:20
856a5cfc-f705-4d25-943e-dbcba0bd7147,map.vegas,premium,260,129.94,high,medium,3,namecheap,,,29/09/2026 20:12
b0220616-8618-420d-836c-170516dfb51d,geography.tech,premium,273.44,1092.18,high,low,9,porkbun,,,28/09/2026 19:20
350fb60a-7412-401b-87dc-a78f97ac16fe,map.bayern,premium,100.06,34.35,high,medium,3,dynadot,,,29/09/2026 20:12
4b802ac1-b43d-4f62-8842-9daada0734db,map.irish,premium,207.2,207.2,high,medium,3,spaceship,,,29/09/2026 20:12
04a20c6e-7674-43b7-a489-3622ec9decdc,map.news,premium,200.5,242,high,medium,3,unstoppable,,,29/09/2026 20:12
f089f872-09a8-4eb3-a51b-dc013a3ce996,geography.sale,premium,54.36,108.6,high,low,9,porkbun,,,28/09/2026 19:20
16e143aa-74be-41dc-b59e-334cc9dfcd98,geography.art,premium,227.7,,high,low,9,unstoppable,,,28/09/2026 19:20
cb15f98d-0804-44f4-82d0-52104b57fb63,map.tech,premium,1293.95,5175.2,high,medium,3,spaceship,,,29/09/2026 20:12
395ae9cf-74e9-476d-9d70-308870dccd1f,map.feedback,premium,,,high,medium,3,,,,29/09/2026 20:12
1eb8baff-2f8a-4ee6-8b03-6787ea95430b,geography.kim,available,5.38,18.83,high,low,9,spaceship,,,28/09/2026 19:20
de160d01-17d2-489f-a4f2-3923695f8e3f,geography.cooking,available,26.08,26.08,high,low,9,spaceship,,,28/09/2026 19:20
609991c5-60a3-45e6-a1dd-74e110c20248,geography.trade,premium,385,55,high,low,9,dynadot,,,28/09/2026 19:20
45c372e2-065b-4dbc-b6c6-266ed7ee46a4,geography.blog,premium,135.89,546.35,high,low,9,porkbun,,,28/09/2026 19:20
2b3c8292-11f6-42ed-8ec6-822ce992a62c,geography.viajes,available,37.67,37.67,high,low,9,dynadot,,,28/09/2026 19:20
21e8ae1f-662c-441f-b174-6f842599900e,map.exchange,resell,,,high,medium,3,Dynadot Inc,13/04/2020 07:41,13/04/2027 07:41,29/09/2026 20:12
c1d8ed3e-6b9f-4399-8791-8104ad2b5f2e,geography.gallery,available,22.97,22.97,high,low,9,spaceship,,,28/09/2026 19:20
1599998b-979d-45a9-abdd-966148d95fdd,map.graphics,premium,54.36,108.6,high,medium,3,porkbun,,,29/09/2026 20:12
8d6d35c2-7055-42c7-8e7e-c2b9e47a60a0,geography.capital,available,5.66,57.16,high,low,9,porkbun,,,28/09/2026 19:20
3ef66007-66aa-41c6-adc9-048c6abdfdc2,map.juegos,available,321.22,321.22,high,medium,3,dynadot,,,29/09/2026 20:12
ec1cf287-49a4-4fc4-8ff4-915466f07669,geography.bid,premium,382.61,55.11,high,low,9,porkbun,,,28/09/2026 19:20
c8ec2b6d-7370-472b-b20f-2ae61f7c02cc,map.hot,premium,2587.7,2587.7,high,medium,3,spaceship,,,29/09/2026 20:12
2bcb7c45-ac0a-4c3d-b4bc-ec50654eb404,geography.productions,available,5.89,32.29,high,low,9,spaceship,,,28/09/2026 19:20
a802d29c-1aac-46d4-aba0-39816e9a1183,geography.auto,available,1863.2,2064.2,high,low,9,spaceship,,,28/09/2026 19:20
ce28a4b3-99aa-44fb-b903-1bd43b7e29cc,map.pictures,premium,20.9,20.9,high,medium,3,spaceship,,,29/09/2026 20:12
fe9b0fb6-3577-45a4-bc09-47efacd5e80d,map.church,resell,,,high,medium,3,Dynadot Inc,10/08/2026 17:00,10/08/2027 17:00,29/09/2026 20:12
f1bcd6f7-36f7-4f50-bb86-31989f89eeba,geography.men,premium,362.45,51.95,high,low,9,spaceship,,,28/09/2026 19:20
66d0965d-3345-43e4-af23-ff5eddfed62a,geography.cards,available,40.98,48.98,high,low,9,namecheap,,,28/09/2026 19:20
10e58283-1ea6-4148-a9fb-1eecb46186a2,geography.webcam,premium,517.7,67.48,high,low,9,spaceship,,,28/09/2026 19:20
a445d8c0-900e-4883-a6fe-e3582e0f08e0,geography.rip,available,24.5,,high,low,9,unstoppable,,,28/09/2026 19:20
163188f0-8bff-4e1f-8f2e-990a7fd3a04c,map.lol,premium,845,845,high,medium,3,namecheap,,,29/09/2026 20:12
f34a1976-50e4-4105-87b6-e53dc59aa141,geography.financial,available,22.5,,high,low,9,unstoppable,,,28/09/2026 19:20
c29e03ef-eb6c-4121-a87c-b5022815fd73,geography.shiksha,premium,621.2,621.2,high,low,9,spaceship,,,28/09/2026 19:20
e46dd542-148d-458a-9ecf-7587dd5a3edd,map.town,resell,,,high,medium,3,"Sav.com, LLC",20/08/2026 00:19,20/08/2027 00:19,29/09/2026 20:12
9bfbc631-2e6d-42d5-9d46-b280d19cf0a1,map.clinic,premium,102.67,102.67,high,medium,3,spaceship,,,29/09/2026 20:12
42b2067a-8507-4e6e-a8c9-dd9e7efa04c8,map.shoes,available,21.11,52.01,high,medium,3,porkbun,,,29/09/2026 20:12
dd812ec8-6551-4028-ac5f-ae87a6ccbabd,geography.company,available,22,,high,low,9,unstoppable,,,28/09/2026 19:20
a9bfb873-6ae9-446a-8883-28bd4329e50f,map.show,resell,,,high,medium,3,Alibaba Cloud Computing Ltd. d/b/a HiChina (www.net.cn),09/12/2016 17:52,09/12/2026 17:52,29/09/2026 20:12
c2fd7c78-1cf8-4ea8-8898-2f7169e84686,geography.travel,available,16.27,123.27,high,low,9,dynadot,,,28/09/2026 19:20
56276aeb-2c79-49c5-9267-c6d9c9ff19cc,geography.tattoo,available,1.75,31.25,high,low,9,spaceship,,,28/09/2026 19:20
ab66f76a-cfb4-4cac-a2ed-e0e66d396e7e,map.flowers,available,93.35,103.4,high,medium,3,spaceship,,,29/09/2026 20:12
8a089a45-331a-4c21-bbe2-a534ef0e836b,geography.consulting,available,7.45,43.67,high,low,9,spaceship,,,28/09/2026 19:20
2f6f28b5-5e3e-448e-b223-bf3d0c0482f3,map.theater,available,51.95,51.95,high,medium,3,spaceship,,,29/09/2026 20:12
477635d4-2e35-41f8-8629-515d48b77123,map.shiksha,available,10.55,41.6,high,medium,3,spaceship,,,29/09/2026 20:12
e51eaf78-cea9-4df2-9ae3-7add1623c3f5,map.fail,premium,68.51,68.51,high,medium,3,spaceship,,,29/09/2026 20:12
ba8278ec-c550-4db4-a883-39c2062b9d71,map.protection,available,2000.2,2000.2,high,medium,3,cloudflare,,,29/09/2026 20:12
9427fb0e-259c-46a5-94f9-6d2ab21cdfc7,map.top,premium,771.28,771.28,high,medium,3,spaceship,,,29/09/2026 20:12
ef025cbf-0927-4dd9-90b3-985c1863682c,geography.hair,available,1.99,14.45,high,low,9,dynadot,,,28/09/2026 19:20
d3fa6e77-699f-4d52-9f0a-4b0a5b3787ee,map.productions,premium,54.36,108.6,high,medium,3,porkbun,,,29/09/2026 20:12
6ad3e1bd-06d0-4980-a37e-6fba35a13edc,geography.theatre,available,500.2,500.2,high,low,9,cloudflare,,,28/09/2026 19:20
852ae03c-82ad-45df-8d35-5b7634892b5e,geography.fashion,available,33.98,45.98,high,low,9,namecheap,,,28/09/2026 19:20
8fdbda31-c343-41c4-ab6a-b96b2515febb,map.lighting,premium,26,26,high,medium,3,namecheap,,,29/09/2026 20:12
434d4617-a7cb-4b66-b42f-b26c0beb43cc,geography.schule,available,22.97,22.97,high,low,9,spaceship,,,28/09/2026 19:20
bce03a27-f83c-425b-9639-f037ae5f18a9,geography.moda,available,32.2,32.2,high,low,9,cloudflare,,,28/09/2026 19:20
17dde0e6-eee9-49b2-bd86-bd1a6b9705dd,geography.charity,available,21.7,21.7,high,low,9,cloudflare,,,28/09/2026 19:20
3d604f86-77aa-4bf8-a78b-29fb2d7ae80d,geography.guitars,available,108.98,159.98,high,low,9,namecheap,,,28/09/2026 19:20
7fa517c9-1d87-4010-9601-d750aa22c4ac,map.sucks,premium,2198.9,2198.9,high,medium,3,dynadot,,,29/09/2026 20:12
612fc90b-1f9d-4e31-8603-e74bb34efbe6,map.toys,resell,,,high,medium,3,"GoDaddy.com, LLC",04/12/2015 16:17,04/12/2026 16:17,29/09/2026 20:12
596365f7-ca83-4974-8054-291003e7a32e,geography.support,available,4.34,21.94,high,low,9,spaceship,,,28/09/2026 19:20
99b69bd9-9b15-4a00-b89f-96cf0b8e6f6d,geography.kids,premium,328.02,20.18,high,low,9,porkbun,,,28/09/2026 19:20
2abf5dbd-ed0f-4b94-8828-73e020fafae4,geography.tips,available,24.2,24.2,high,low,9,cloudflare,,,28/09/2026 19:20
f7cd8bbe-ca14-44f4-8136-019c85dca18a,geography.vana,available,2070.2,2070.2,high,low,9,spaceship,,,28/09/2026 19:20
8c5faa32-f84d-4d07-8af1-54ac1347fc80,geography.cheap,available,5.38,29.18,high,low,9,spaceship,,,28/09/2026 19:20
b9b7424a-282e-4e68-ac24-3b574f3e95bb,map.doctor,resell,,,high,medium,3,"Spaceship, Inc.",15/07/2026 17:01,15/07/2027 17:01,29/09/2026 20:12
f6dcba09-0b83-4cf2-a176-dee5c20a6ff9,map.co,resell,263769.75,48.99,high,medium,3,"GoDaddy.com, LLC",24/02/2010 22:43,23/02/2027 23:59,29/09/2026 20:12
7ed63f6d-5d9b-401e-b609-7dff9986eef5,geography.homes,available,1.8,21.98,high,low,9,namecheap,,,28/09/2026 19:20
0bf7f3ee-0500-4e7b-b63d-38c3ef571eab,geography.global,available,31.25,77.83,high,low,9,spaceship,,,28/09/2026 19:20
4c1a9c76-d771-4899-97a5-e59f736a871c,map.build,premium,3105.2,3105.2,high,medium,3,spaceship,,,29/09/2026 20:12
bd259d30-d562-43e2-a444-94e16abb9cc5,geography.gift,available,16.58,16.58,high,low,9,porkbun,,,28/09/2026 19:20
2cf4143d-b04c-4fcc-a251-474f4f49d4c7,geography.market,available,35.39,35.39,high,low,9,spaceship,,,28/09/2026 19:20
23011ab2-761e-4c98-9c57-d65ae6bc4871,geography.desi,available,19.98,22.98,high,low,9,namecheap,,,28/09/2026 19:20
44992ff5-2cc4-4c6a-8dad-f7264df410f2,geography.llc,available,33.2,33.2,high,low,9,cloudflare,,,28/09/2026 19:20
39bb4d7d-23fd-406e-a77e-b2c27eeb4ee3,map.prof,premium,1299.2,1688.7,high,medium,3,unstoppable,,,29/09/2026 20:12
18d0e7eb-63a9-4814-a7ff-2fa2946f3972,geography.car,available,1863.2,2064.2,high,low,9,spaceship,,,28/09/2026 19:20
02264d9e-726d-481e-8e4d-391d60a17f6c,map.haus,resell,,,high,medium,3,"Global Domains International, Inc. DBA DomainCostClub.com",18/02/2019 02:13,18/02/2027 02:13,29/09/2026 20:12
c7078b8e-de54-415d-b2de-e3f30038903f,geography.black,available,15.96,52.01,high,low,9,porkbun,,,28/09/2026 19:20
028f4d5b-d460-4c6f-be05-da29338e74c3,map.business,resell,,,high,medium,3,"Global Domains International, Inc. DBA DomainCostClub.com",10/06/2018 22:06,10/06/2027 22:06,29/09/2026 20:12
42ca0ec5-75c7-4688-912d-fd5b46063f9f,geography.restaurant,available,10.55,51.95,high,low,9,spaceship,,,28/09/2026 19:20
718b345d-398d-4f32-ae99-0d9510705c37,map.christmas,available,1.24,31.16,high,medium,3,spaceship,,,29/09/2026 20:12
5781aa89-0465-474f-8ebb-a62f7a604448,map.organic,available,17,,high,medium,3,unstoppable,,,29/09/2026 20:12
cd3ed67f-2654-4bba-9adc-b7d04bb8b35a,map.ninja,resell,,,high,medium,3,Porkbun LLC,13/08/2024 00:12,13/08/2027 00:12,29/09/2026 20:12
977384f7-123e-4dcb-ad2a-4a72698ab225,map.vodka,premium,44,26.97,high,medium,3,dynadot,,,29/09/2026 20:12
4b9434e1-d0ea-4bea-a078-983bdcd09701,map.ong,available,15.2,15.2,high,medium,3,cloudflare,,,29/09/2026 20:12
c984ac22-d887-4b29-9122-2ee9995b1544,map.stream,premium,517.7,67.48,high,medium,3,spaceship,,,29/09/2026 20:12
558f8f43-86a3-4a1e-85dd-0d0049466845,geography.prof,premium,92.32,92.32,high,low,9,spaceship,,,28/09/2026 19:20
911163c7-9a94-4a79-aaf1-b992b0f41cbd,geography.tours,available,48.2,48.2,high,low,9,cloudflare,,,28/09/2026 19:20
420d6407-eb25-4f8c-a0fb-40d95261ca48,geography.vodka,available,26.08,26.08,high,low,9,spaceship,,,28/09/2026 19:20
79e2b205-7426-4c3a-9eaf-54dd026f2b58,geography.cool,available,9,,high,low,9,unstoppable,,,28/09/2026 19:20
682c9ebe-2c88-4475-9c2d-f4b58cc57689,map.moda,available,10.92,34.46,high,medium,3,dynadot,,,29/09/2026 20:12
4fc34f59-58f1-4e43-8af5-55edfd77485e,geography.pw,premium,258.75,258.75,high,low,9,spaceship,,,28/09/2026 19:20
d177ecf4-6ad5-4f64-ae3a-258b80427776,geography.social,premium,102.67,102.67,high,low,9,spaceship,,,28/09/2026 19:20
771361df-fb93-42b9-8922-207bf0a719a5,map.io,resell,,,high,medium,3,Atom.com Domains LLC,16/10/2010 23:06,16/10/2027 23:06,29/09/2026 20:12
bb2b955e-a6ed-423d-b6de-9cee32dad6a5,geography.clothing,available,26.08,26.08,high,low,9,spaceship,,,28/09/2026 19:20
92c2450b-4cc6-4a25-a803-704d4e1b874a,geography.tickets,available,326.21,388.33,high,low,9,spaceship,,,28/09/2026 19:20
baf02f6b-de44-432f-92ca-31d7621b0e61,map.gratis,premium,102.67,102.67,high,medium,3,spaceship,,,29/09/2026 20:12
953c493c-e00a-4389-a8ed-68ef01bb3aed,geography.dentist,available,53.72,53.72,high,low,9,dynadot,,,28/09/2026 19:20
e6a639db-955e-4710-8b0f-dcc9bd3bd06e,geography.organic,available,17,,high,low,9,unstoppable,,,28/09/2026 19:20
cc4a676d-0f72-4741-b008-68d84d1a95f0,geography.photos,available,8.24,24.83,high,low,9,dynadot,,,28/09/2026 19:20
5fd0c845-d0ef-4853-91ca-9d3472c772bf,geography.group,available,20.2,20.2,high,low,9,cloudflare,,,28/09/2026 19:20
271ac691-474b-4b4f-8299-f4f3f0f386c2,map.forum,premium,517.7,517.7,high,medium,3,spaceship,,,29/09/2026 20:12
100eef18-51f9-4643-b224-65656a9fdd5c,geography.cx,available,19.98,26.98,high,low,9,namecheap,,,28/09/2026 19:20
9f8df6bd-0d78-4b00-86d3-1743d1a99fb8,map.cam,premium,1552.7,14.69,high,medium,3,spaceship,,,29/09/2026 20:12
fa3dcf3c-4522-4fa2-8de7-5b1bea5ff627,geography.lighting,available,8.24,19.05,high,low,9,porkbun,,,28/09/2026 19:20
325e4ee3-8760-4e56-89cd-c0eaa2afb235,geography.studio,available,17,,high,low,9,unstoppable,,,28/09/2026 19:20
9858cdb1-7cdd-44f2-82ee-bb4d0c7299df,geography.porn,available,101.87,101.87,high,low,9,dynadot,,,28/09/2026 19:20
f80b9f4b-de42-4f84-b017-23c135296e92,geography.baby,available,1.99,53.72,high,low,9,dynadot,,,28/09/2026 19:20
e47ea71c-1f50-4828-8197-fcb1a6cdf974,geography.town,available,8.5,,high,low,9,unstoppable,,,28/09/2026 19:20
b591efe0-c700-424d-8866-48f863d43453,geography.uno,premium,258.95,258.95,high,low,9,spaceship,,,28/09/2026 19:20
96af78c6-fa97-480d-866c-2cc25389a762,map.yoga,premium,104,31.2,high,medium,3,namecheap,,,29/09/2026 20:12
8b48822e-fa3f-4c43-9ea5-ff9bf2608cf7,geography.supplies,available,19.87,19.87,high,low,9,spaceship,,,28/09/2026 19:20
2bc63948-278c-4ee8-95e0-dbbdec3932ee,map.hamburg,resell,,,high,medium,3,,20/04/2016 14:44,20/04/2027 14:44,29/09/2026 20:12
122ae760-5536-44f8-97a0-689c71f4982e,geography.skin,available,1.24,13.97,high,low,9,spaceship,,,28/09/2026 19:20
67fc1815-f815-4e67-9ddc-99e5501da8ee,geography.blue,available,12.87,20.08,high,low,9,porkbun,,,28/09/2026 19:20
36995fd1-58ab-4173-abfd-f1d2fd56db99,mapping.so,available,68.98,,high,high,7,namecheap,,,
a7be80d9-39f0-4a57-bce3-280ed7ef2541,geography.business,available,3.31,15.73,high,low,9,spaceship,,,28/09/2026 19:20
73e11961-be48-43fa-b8e1-e82685a19068,geography.industries,available,36.43,36.43,high,low,9,spaceship,,,28/09/2026 19:20
7b152558-37ec-4d87-8ef9-696e1ed48e09,map.blackfriday,premium,390,390,high,medium,3,namecheap,,,29/09/2026 20:12
7dd716fc-09e3-46f0-b6b9-2ac6de296cf3,geography.archi,available,18.5,,high,low,9,unstoppable,,,28/09/2026 19:20
783a8351-f5ad-4208-9954-25a0ee600ad5,map.exposed,premium,207.2,207.2,high,medium,3,spaceship,,,29/09/2026 20:12
e5792c64-111b-4b6e-9117-409c81f206df,geography.build,premium,,,high,low,9,,,,28/09/2026 19:20
af63d178-8d02-4e9d-aaec-6b5a0a9b41ad,map.enterprises,resell,5.99,,high,medium,3,"Sav.com, LLC",04/05/2026 08:38,04/05/2027 08:38,29/09/2026 20:12
262eb202-c313-410a-b53a-ee5eb1c8f668,geography.bar,available,2.3,51.8,high,low,9,spaceship,,,28/09/2026 19:20
f259e4d7-5754-40d0-894b-cb00a44c557b,geography.guru,available,2.98,54.98,high,low,9,namecheap,,,28/09/2026 19:20
9a099fa7-64cf-4ca7-b19b-89d897b3154f,geography.holdings,available,67.98,81.98,high,low,9,namecheap,,,28/09/2026 19:20
9ec500dc-38e6-4231-8ad1-e8704e59d922,map.shop,premium,5175.2,5175.2,high,medium,3,spaceship,,,29/09/2026 20:12
e8131037-b2e7-4228-8d8f-e4f9c212f52b,geography.motorcycles,available,1.8,21.98,high,low,9,namecheap,,,28/09/2026 19:20
4a9f6c3d-342d-432a-a6a9-959a10bfa087,geography.talk,premium,78,78,high,low,9,namecheap,,,28/09/2026 19:20
6d83af0a-61c2-47a0-a42f-ba0b09a0a775,geography.condos,available,45.2,45.2,high,low,9,cloudflare,,,28/09/2026 19:20
8e98c7f7-d9d7-4c7b-b940-35008a451205,geography.meme,premium,,,high,low,9,,,,28/09/2026 19:20
c05fd06c-36b0-40c5-b470-8f493782a372,geography.pet,available,6.41,20.9,high,low,9,spaceship,,,28/09/2026 19:20
a3b8fb3d-334f-498b-8905-693074a97900,geography.fit,available,2.98,45.98,high,low,9,namecheap,,,28/09/2026 19:20
8481a9da-fa7c-4a22-981b-3f89c14ce6aa,geography.farm,available,15,,high,low,9,unstoppable,,,28/09/2026 19:20
1e6d8585-eedd-4395-bb74-3ecc01135cb4,geography.auction,available,28.2,28.2,high,low,9,cloudflare,,,28/09/2026 19:20
d9af46f1-86e6-4fe1-8c81-68db4543093e,geography.cleaning,available,79.98,94.98,high,low,9,namecheap,,,28/09/2026 19:20
97e76b09-d2b4-46e8-89ed-9273ccdde39e,map.furniture,available,20.9,82.76,high,medium,3,spaceship,,,29/09/2026 20:12
a3993ab2-39a0-4b41-a33e-2c11c3721baa,map.bingo,available,42.64,42.64,high,medium,3,spaceship,,,29/09/2026 20:12
8200293d-7d55-4308-b35e-a7aa8209c23d,map.icu,premium,330,660,high,medium,3,dynadot,,,29/09/2026 20:12
970146aa-2a20-400c-aab9-02f1f2844c90,map.dentist,premium,414.2,414.2,high,medium,3,spaceship,,,29/09/2026 20:12
faeb4b1e-6007-4444-b6c1-7f271b158a7e,map.bot,premium,2587.7,2587.7,high,medium,3,spaceship,,,29/09/2026 20:12
dd690063-5510-4166-a712-d968fcfc725d,map.forsale,premium,54.36,108.6,high,medium,3,porkbun,,,29/09/2026 20:12
8feba2b8-f23d-45aa-8c82-0374551d8816,geography.loan,premium,385,55,high,low,9,dynadot,,,28/09/2026 19:20
0680ea82-612c-4f4c-8dda-2f0d6662dc9c,map.engineering,premium,102.67,102.67,high,medium,3,spaceship,,,29/09/2026 20:12
3ae30683-e6ef-4f06-99f7-577f63601981,geography.haus,available,10.55,27.11,high,low,9,spaceship,,,28/09/2026 19:20
ea0b2d30-fc9f-485f-8ec2-9a25c876c00c,map.ltd,resell,,,high,medium,3,,,,29/09/2026 20:12
aeeba5f4-17c9-40d8-906e-17877371fa98,geography.live,premium,103.7,207.2,high,low,9,spaceship,,,28/09/2026 19:20
d196a5ba-d6a2-4f9b-b249-10abd998edc0,map.band,premium,54.36,108.6,high,medium,3,porkbun,,,29/09/2026 20:12
fe2f7f5c-eb21-4d2c-bedf-0cb0400c3a60,map.app,resell,,,high,medium,3,West263 International Limited,17/07/2019 03:35,17/07/2027 03:35,29/09/2026 20:12
ea12db65-2975-4e22-8499-c00813e3fe7a,geography.phd,premium,92.32,92.32,high,low,9,spaceship,,,28/09/2026 19:20
5dfe8888-e58b-4d37-bf32-e2dc3a66949f,geography.ooo,premium,55.1,22.35,high,low,9,porkbun,,,28/09/2026 19:20
d567755a-4cb6-49b6-84c0-fad003657e61,geography.diet,available,93.35,103.4,high,low,9,spaceship,,,28/09/2026 19:20
4735420c-53bb-48ed-b126-cd18c173a8ee,geography.army,available,30.2,30.2,high,low,9,cloudflare,,,28/09/2026 19:20
ee9e82e6-2f6e-4955-b799-9e3f4b4b3584,geography.management,available,20.2,20.2,high,low,9,cloudflare,,,28/09/2026 19:20
9cfa2485-cb43-4467-8793-171dbb26cb4a,geography.love,available,20.2,20.2,high,low,9,cloudflare,,,28/09/2026 19:20
12849bab-edc2-43bc-9f52-7a94618a3a9e,map.community,premium,,,high,medium,3,,,,29/09/2026 20:12
7b4aac16-0e7d-49a6-af45-31b96797cbdb,geography.mortgage,available,49.88,49.88,high,low,9,spaceship,,,28/09/2026 19:20
980a33a2-9694-4869-b593-89a5b5438bdb,topography.at,available,,,high,high,10,,,,
fa768341-ad7b-4a0c-b95a-d9acfea1ce39,geography.la,available,27.34,27.94,high,low,9,porkbun,,,28/09/2026 19:20
e4ea5ec3-247e-4fc6-8335-42f404210432,geography.cricket,premium,362.45,51.95,high,low,9,spaceship,,,28/09/2026 19:20
aa9fa1dc-9177-4999-9ef3-6bb30c3f9888,map.pizza,premium,128.7,128.7,high,medium,3,namecheap,,,29/09/2026 20:12
9ec09b7c-c16d-45d8-9e05-0837a95d8e4d,map.maison,available,45.74,45.74,high,medium,3,spaceship,,,29/09/2026 20:12
32a4e10d-ea5d-49f1-90c6-f426e6425550,map.red,resell,,,high,medium,3,Gandi SAS,28/04/2015 11:15,28/04/2027 11:15,29/09/2026 20:12
50f943b0-710f-4967-b7fa-83f2c9b9c97a,geography.center,available,4.34,26.08,high,low,9,spaceship,,,28/09/2026 19:20
4d3f1cd0-8642-40e8-bc4a-24a06e36a7af,map.living,premium,910,1300,high,medium,3,namecheap,,,29/09/2026 20:12
7fe04514-689c-48ff-9a87-1eef3a4c91b6,map.tires,available,72.44,72.44,high,medium,3,spaceship,,,29/09/2026 20:12
3735c4ae-b774-4fd2-80ba-b1209005bbf7,geography.fast,premium,51.95,51.95,high,low,9,spaceship,,,28/09/2026 19:20
8417200f-2497-4568-bbe1-77b6989df347,map.fan,premium,54.36,108.6,high,medium,3,porkbun,,,29/09/2026 20:12
25fda20c-386b-4d31-ac73-8351f7695992,geography.cc,resell,,,high,low,9,,,,28/09/2026 19:20
caa662f6-3650-4275-b68d-d2209119b93b,map.tattoo,premium,110,110,high,medium,3,dynadot,,,29/09/2026 20:12
84a4c242-962c-472f-a136-a50f6da2ae94,geography.tennis,available,53.72,53.72,high,low,9,dynadot,,,28/09/2026 19:20
e54938a6-76d6-443e-8e36-757171d04296,map.market,premium,118.8,118.8,high,medium,3,namesilo,,,29/09/2026 20:12
118f7fba-cc74-4b3d-9bec-6a82f1c67cab,geography.protection,available,2000.2,2000.2,high,low,9,cloudflare,,,28/09/2026 19:20
8ba63505-2345-4c3b-be8d-6863d2d070f4,geography.deal,premium,100.5,,high,low,9,unstoppable,,,28/09/2026 19:20
c625624d-2f6f-42a3-93a5-0afffbd37e9c,map.schule,premium,34.36,34.36,high,medium,3,spaceship,,,29/09/2026 20:12
2793fa07-9a16-4f69-9d21-3d9626418476,geography.shopping,available,8.24,24.83,high,low,9,dynadot,,,28/09/2026 19:20
3feac6b3-9b31-46b4-8fb8-05c2da461fac,map.tips,resell,,,high,medium,3,"Spaceship, Inc.",20/06/2022 17:03,20/06/2027 17:03,29/09/2026 20:12
3cf9bf05-fb22-4c37-a0e2-9cb691c41a74,geography.immo,available,28.15,28.15,high,low,9,spaceship,,,28/09/2026 19:20
cdc76daa-fe97-4b79-8fcd-8dbf99aea339,geography.jetzt,available,18.2,18.2,high,low,9,cloudflare,,,28/09/2026 19:20
12b9140e-7d2a-4822-93db-5b1bcd45adc3,geography.pink,available,20.2,20.2,high,low,9,cloudflare,,,28/09/2026 19:20
a9bfa4c3-7c7d-450d-a495-18901b6c356e,geography.band,available,20,,high,low,9,unstoppable,,,28/09/2026 19:20
d7dad6df-cb3a-434f-b07a-4e151b473da9,map.cyou,premium,310.7,621.2,high,medium,3,spaceship,,,29/09/2026 20:12
4945696c-c117-46f6-914d-23fb6e55c025,map.tickets,available,326.21,388.33,high,medium,3,spaceship,,,29/09/2026 20:12
e6b60a68-7e1e-4727-be6a-6c4ea1a4d869,geography.autos,available,1.24,13.97,high,low,9,spaceship,,,28/09/2026 19:20
ee1b0ae8-aec3-4bf3-b253-b9b0f0e546a0,map.equipment,available,22.97,22.97,high,medium,3,spaceship,,,29/09/2026 20:12
6b5759df-647e-465e-b00c-7adcede937d7,map.hospital,available,45.74,45.74,high,medium,3,spaceship,,,29/09/2026 20:12
b5399f84-2a7b-45c2-b1be-c1b9fa354784,geography.tube,premium,2183.84,22.36,high,low,9,porkbun,,,28/09/2026 19:20
22a34be3-8558-4111-a5e1-7e1d5bfbd347,geography.download,premium,3250,130,high,low,9,namecheap,,,28/09/2026 19:20
e4bfd24a-cae8-497e-ac56-b15e9fd09f79,map.mom,resell,,,high,medium,3,Dynadot Inc,24/01/2026 03:12,24/01/2027 23:59,29/09/2026 20:12
2272f142-f64c-481b-b9db-d9ada4fedd2c,geography.ong,available,15.2,15.2,high,low,9,cloudflare,,,28/09/2026 19:20
92c45409-63f3-46ca-bf05-e16a8efb14e9,geography.best,available,1.68,18.88,high,low,9,spaceship,,,28/09/2026 19:20
96892848-73bc-4ad3-983e-ec51ff614546,geography.trading,available,21.98,27.98,high,low,9,namecheap,,,28/09/2026 19:20
9e779183-1a86-42c9-bd1b-9c745410d48b,map.shopping,resell,,,high,medium,3,Dynadot Inc,11/12/2022 15:15,11/12/2026 15:15,29/09/2026 20:12
e95170d9-02a5-4e69-b8e2-292fefb3b1e8,map.travel,resell,,,high,medium,3,,,,29/09/2026 20:12
116cfe03-9f7f-4586-9075-3db2d0e91d03,geography.repair,available,7.72,29.35,high,low,9,porkbun,,,28/09/2026 19:20
dcb6c252-b106-44c8-aa00-6b3db81c1755,geography.tires,available,8.24,74,high,low,9,dynadot,,,28/09/2026 19:20
66924d0b-792d-4ab3-8b15-1943d1c92241,geography.catering,available,31.25,31.25,high,low,9,spaceship,,,28/09/2026 19:20
0a6275bc-802a-4186-8b71-954b01d10561,geography.makeup,available,1.24,13.97,high,low,9,spaceship,,,28/09/2026 19:20
edd3bea0-1b84-484f-999d-1435656705f5,map.theatre,available,465.95,500.18,high,medium,3,spaceship,,,29/09/2026 20:12
1a0e96ad-ebd2-4080-ba20-138b6951bd6c,map.wiki,premium,710.1,710.1,high,medium,3,porkbun,,,29/09/2026 20:12
dc1a220d-8e16-41f4-8de7-4d358a98f29a,geography.ryukyu,available,17.98,22.98,high,low,9,namecheap,,,28/09/2026 19:20
d25b781e-bc81-4ab5-b70b-679937b304d0,geography.giving,available,6.41,22.39,high,low,9,spaceship,,,28/09/2026 19:20
dacb0e34-130b-4630-babf-b3529d77c43b,geography.realty,available,280.2,280.2,high,low,9,cloudflare,,,28/09/2026 19:20
b76ea36e-f038-443b-bd7a-d377658f29c8,geography.forex,available,13.5,,high,low,9,unstoppable,,,28/09/2026 19:20
0e6f9699-d00a-4391-bcf2-7299e8084494,geography.exposed,available,17.2,17.2,high,low,9,cloudflare,,,28/09/2026 19:20
dfdcfddf-8d09-4f28-9956-7bd8f1d074d0,map.photo,premium,103.7,103.7,high,medium,3,spaceship,,,29/09/2026 20:12
5555872f-ae83-46b1-9d96-b414cb57567b,geography.recipes,available,4.86,62.3,high,low,9,spaceship,,,28/09/2026 19:20
cc0e9f21-f973-4cf5-a558-00eb2c4340bc,map.restaurant,premium,108.9,108.9,high,medium,3,dynadot,,,29/09/2026 20:12
458ef96c-cfaf-42cc-9a04-624ba1f3c6fa,map.forex,available,11.98,133.98,high,medium,3,namecheap,,,29/09/2026 20:12
36f72d01-6bb1-4529-ae9a-b8076f2abf2a,geography.flights,available,20.9,46.78,high,low,9,spaceship,,,28/09/2026 19:20
ff24cd0f-521a-462e-b5ed-691de2328214,map.cleaning,available,79.98,94.98,high,medium,3,namecheap,,,29/09/2026 20:12
fb505314-a074-483d-a0de-06300b78af7e,cartography.expert,available,6.69,49.95,high,high,11,porkbun,,,30/09/2026 02:22
449e87ea-6ca7-4fac-aee1-6a607bb27f38,map.football,premium,102.67,102.67,high,medium,3,spaceship,,,29/09/2026 20:12
88400825-65df-466c-a68a-32b22d21dd4a,region.osaka,available,,,high,low,6,,,,
dd6a33f0-28a4-411c-8979-30a0c93bd649,map.supplies,premium,68.51,68.51,high,medium,3,spaceship,,,29/09/2026 20:12
3e3a6df9-eca6-4ac7-830d-5bf7ec1d1e44,map.guitars,available,107.22,107.22,high,medium,3,dynadot,,,29/09/2026 20:12
053d1b14-3fbc-41ab-b166-b8fbed647270,geography.poker,available,8.24,54.07,high,low,9,porkbun,,,28/09/2026 19:20
b25f82b7-95ef-4fe2-a106-11917ea39af2,map.page,premium,1298.7,1298.7,high,medium,3,namecheap,,,29/09/2026 20:12
43493ee4-a44e-4a6b-a4e3-4147ca760253,geology.green,available,14.99,79.99,high,low,7,namesilo,,,29/09/2026 07:05
119b6b22-8b50-4d2d-89f4-1a3cd9a9b805,geography.gold,available,9,,high,low,9,unstoppable,,,28/09/2026 19:20
d95a9fe3-d8e9-4c3f-b9fa-a4f6f65fc4b8,geography.surf,available,1.24,26.08,high,low,9,spaceship,,,28/09/2026 19:20
eddcfc85-bc17-4728-aaf2-49c4df823c09,map.london,premium,1543.88,39.11,high,medium,3,porkbun,,,29/09/2026 20:12
967e1d13-9cfe-42ea-b8df-8e8390532a25,geography.cruises,available,43.2,43.2,high,low,9,cloudflare,,,28/09/2026 19:20
81581d46-28fe-447c-9de6-8732dea0e7ea,map.inc,premium,1604.45,2070.2,high,medium,3,spaceship,,,29/09/2026 20:12
1df2161b-45c6-4c03-a739-45fdd25ee286,geography.creditcard,available,129.2,129.2,high,low,9,spaceship,,,28/09/2026 19:20
afe9905d-7631-4971-aaa5-9bcbf4da5fd5,geography.host,available,4.68,81.97,high,low,9,spaceship,,,28/09/2026 19:20
27502d0b-f0e0-4f83-9e6b-68f17797de84,geography.solutions,available,8.98,41.98,high,low,9,namecheap,,,28/09/2026 19:20
5fb9e7f5-c0cb-4c80-bf4c-62e5a97ff390,geography.ngo,available,16.72,16.72,high,low,9,dynadot,,,28/09/2026 19:20
c65fffdc-b656-4d99-966e-067cf8743e28,topography.ai,resell,,,high,high,10,Porkbun LLC,28/05/2023 11:12,28/05/2027 11:12,26/09/2026 09:41
faba63d6-2dad-4f4f-a457-7b7aedcd29c2,map.hosting,available,279.65,341.75,high,medium,3,spaceship,,,29/09/2026 20:12
078ecf0a-5623-46e5-b4ce-0efc4da4e165,geography.energy,available,11.99,96.52,high,low,9,dynadot,,,28/09/2026 19:20
219c9990-7582-477e-a623-5a7c89648a82,map.catering,premium,68.51,68.51,high,medium,3,spaceship,,,29/09/2026 20:12
0063455e-cb7a-45af-aa5d-145f120750c9,geography.cafe,available,5.38,41.6,high,low,9,spaceship,,,28/09/2026 19:20
43878ead-8aa9-453d-b40b-97e45ac883ae,map.degree,premium,66,66,high,medium,3,dynadot,,,29/09/2026 20:12
416792d2-4c18-485f-a781-2752f845ca61,geography.contact,available,11.99,11.99,high,low,9,dynadot,,,28/09/2026 19:20
ba711ec6-c609-4d53-a5cc-a97f413f98ac,map.management,resell,,,high,medium,3,"eNom, LLC",23/03/2014 00:25,23/03/2027 00:25,29/09/2026 20:12
b66fcd34-d1c8-4fc9-bd17-45332f970a0a,map.ltda,available,30.18,30.18,high,medium,3,dynadot,,,29/09/2026 20:12
5d0b3e76-afca-4e36-9df1-0c8294030af5,geography.systems,available,11.98,47.48,high,low,9,namecheap,,,28/09/2026 19:20
ec8ccbf3-7cb9-4d68-8089-96435474f3f1,geography.training,available,15,,high,low,9,unstoppable,,,28/09/2026 19:20
92c44511-9bbc-4e8d-a981-ae81fb960843,geography.futbol,available,5.57,14.13,high,low,9,dynadot,,,28/09/2026 19:20
fc6b6fed-9339-4d7e-8d30-bc3d305a559d,landform.at,available,,,high,high,8,,,,
d7390765-53c5-4218-9854-ee81bc5b8502,earth.zone,resell,,,high,medium,5,"Spaceship, Inc.",19/03/2016 16:07,19/03/2027 16:07,29/09/2026 16:58
3fb84494-a187-4ea2-b0eb-f99f9271bcf0,geography.reviews,premium,102.67,102.67,high,low,9,spaceship,,,28/09/2026 19:20
72f22857-05a1-4234-b767-2c0827947bc3,map.meme,premium,1345.7,1345.7,high,medium,3,spaceship,,,29/09/2026 20:12
4faac124-4943-4af7-8edf-9c176bbc3998,map.voting,available,1398,1448,high,medium,3,namecheap,,,29/09/2026 20:12
2e25344a-d31d-4234-9479-af24a9734801,geography.reise,available,77.83,77.83,high,low,9,spaceship,,,28/09/2026 19:20
5e923e6f-68de-4bab-b8eb-a5b3eb4ad572,geography.health,available,10.81,62.31,high,low,9,porkbun,,,28/09/2026 19:20
48685ee0-c127-4101-8620-7cf41085a7be,geography.doctor,available,8.24,95.61,high,low,9,dynadot,,,28/09/2026 19:20
042b6396-361a-4a24-80c0-1bf2e0520f48,territory.site,premium,1107,1107,high,low,9,namesilo,,,29/09/2026 16:20
79ac42dc-60be-4d4e-b4c0-a4b328d2ff2b,geography.yachts,available,1.24,13.97,high,low,9,spaceship,,,28/09/2026 19:20
1f7b5219-d9ec-41ff-aaa8-fd13275c8b62,geography.chat,available,5.38,36.43,high,low,9,spaceship,,,28/09/2026 19:20
b6aa2a23-9b2d-47bb-8a4f-e94ff17a9be7,map.fun,premium,1293.95,5175.2,high,medium,3,spaceship,,,29/09/2026 20:12
82d689f9-7049-4522-8c8d-54ff3c2ebf79,geography.lat,available,1.8,40.98,high,low,9,namecheap,,,28/09/2026 19:20
8c0735ef-1708-4aa0-a623-7bc5e33475cc,region.eco,available,64.99,,high,low,6,name.com,,,
06f662f0-afb5-48d3-bcb1-3d491b0045e7,geography.healthcare,available,93.98,111.98,high,low,9,namecheap,,,28/09/2026 19:20
07dd77bf-44cd-4483-8ece-7c1373882889,geography.solar,available,5.57,53.72,high,low,9,dynadot,,,28/09/2026 19:20
cf70cea1-6d04-49fe-89d8-0aa8b1c761c1,mapping.co,resell,,,high,high,7,"GoDaddy.com, LLC",21/12/2018 17:40,21/12/2026 23:59,26/09/2026 07:25
95f5e588-f7ec-47bc-a804-e9b645f09056,geography.tel,available,9.49,9.49,high,low,9,spaceship,,,28/09/2026 19:20
0054df05-ebf2-47da-9a09-7e4be4a44773,geography.dental,available,62.3,62.3,high,low,9,spaceship,,,28/09/2026 19:20
6a801e74-12de-4dce-bc83-fe21c15d7145,geography.stream,premium,362.45,51.95,high,low,9,spaceship,,,28/09/2026 19:20
628c4280-575e-48c1-b0bd-38de885a98cd,geography.fans,premium,51.95,103.7,high,low,9,spaceship,,,28/09/2026 19:20
56588920-e9d3-4985-b2e6-6b9d92f32d2d,map.gay,premium,710.1,710.1,high,medium,3,porkbun,,,29/09/2026 20:12
43b7f326-b952-44a3-bce1-df541736e547,geography.press,premium,,,high,low,9,,,,28/09/2026 19:20
fe740f2f-8601-46c9-b9eb-c7ebe51ecbff,map.free,premium,2587.7,2587.7,high,medium,3,spaceship,,,29/09/2026 20:12
2d04e96d-2a7e-48a4-89b7-8438b53104af,geography.insure,available,76.98,91.98,high,low,9,namecheap,,,28/09/2026 19:20
d1b12f89-0c0c-4f9d-9c4f-4285cb418b76,map.dad,premium,1034.17,1034.17,high,medium,3,spaceship,,,29/09/2026 20:12
520811cf-d427-4681-a302-91c5b0f10f2a,geography.hospital,available,47.3,47.3,high,low,9,dynadot,,,28/09/2026 19:20
7e0c940d-3d1b-4bdf-b062-91816c1e7252,geography.soccer,available,10.92,21.62,high,low,9,dynadot,,,28/09/2026 19:20
1612a96a-690c-4a51-9122-0f3c0f7298ec,geography.foundation,available,6.41,22.39,high,low,9,spaceship,,,28/09/2026 19:20
d4fa8c54-eb4b-4b6d-97f3-c51fe020f910,landform.zone,available,,,high,high,8,,,,
0f411852-95f8-4c1d-8e70-be919451045d,geography.link,premium,235.2,,high,low,9,unstoppable,,,28/09/2026 19:20
9319d5da-e3c2-4495-b19d-43172f4ddb21,geography.vin,available,8.5,,high,low,9,unstoppable,,,28/09/2026 19:20
43253387-a88b-4020-984b-790fb5cc734c,geography.cars,available,1863.2,2064.2,high,low,9,spaceship,,,28/09/2026 19:20
577da47d-8f34-4843-8af8-f4aa932e8d1d,region.villas,available,19.99,,high,low,6,name.com,,,
3188454c-a633-4bc6-8eff-f79e51bd2984,map.blue,resell,,,high,medium,3,Gandi SAS,27/04/2015 14:57,27/04/2027 14:57,29/09/2026 20:12
6f558be4-e19a-4ac4-875f-48317815f61d,mapping.us,resell,,,high,high,7,"GoDaddy.com, LLC",24/04/2020 00:04,24/04/2027 00:04,26/09/2026 07:25
cd9bc0c3-2123-4fbb-a6d4-f509192da03c,map.giving,available,6.41,22.39,high,medium,3,spaceship,,,29/09/2026 20:12
01a0b0fb-1b02-41b7-aa10-d193ef305c9f,map.dealer,premium,2015,2600,high,medium,3,namecheap,,,29/09/2026 20:12
f0ffee06-42dc-4c11-9f6d-69ad5474247c,map.vin,available,46.2,46.2,high,medium,3,cloudflare,,,29/09/2026 20:12
6993e7ab-fda3-4091-92a9-ba73fbcc1a62,region.voyage,available,9.99,,high,low,6,name.com,,,
0b78087d-f259-4b9f-8cfe-39818dda8a3f,geology.london,premium,137.94,34.49,high,low,7,namecheap,,,29/09/2026 07:05
1d5d15ab-e8eb-400b-937c-ef46c2fad38a,geography.bingo,available,41.2,41.2,high,low,9,cloudflare,,,28/09/2026 19:20
e7bd5d53-cf42-4920-bad3-65916ef57526,geography.clinic,available,10.55,51.95,high,low,9,spaceship,,,28/09/2026 19:20
b3521e01-c649-4698-b261-2f348a536490,map.men,premium,517.7,67.48,high,medium,3,spaceship,,,29/09/2026 20:12
eef49e61-1f9c-489d-beed-269db1e2116f,map.host,premium,2587.7,5175.2,high,medium,3,spaceship,,,29/09/2026 20:12
66f43cbe-f0f0-4cea-a561-03f5549267e2,map.gripe,premium,85.8,85.8,high,medium,3,namecheap,,,29/09/2026 20:12
892648b5-e64f-4bb1-a635-fec832f4680a,geography.jewelry,available,67.98,69.98,high,low,9,namecheap,,,28/09/2026 19:20
4e3b4ee7-4983-4faf-9695-9682a5669af3,geography.free,premium,103.7,103.7,high,low,9,spaceship,,,28/09/2026 19:20
f7b6fcd7-0e16-4728-89b9-5769ed260abf,map.pw,premium,2587.5,2587.5,high,medium,3,spaceship,,,29/09/2026 20:12
7840f8b7-26bc-4d72-86db-2e09a0ade7d4,continent.zone,available,8.98,51.98,high,low,9,namecheap,,,11/08/2026 23:26
9bd1eb2e-b580-4b3f-97ad-05adfda1b24c,geography.kaufen,available,23.2,23.2,high,low,9,cloudflare,,,28/09/2026 19:20
a2b24926-36cd-4e36-8cb2-ba35628352f7,geography.memorial,available,40.2,40.2,high,low,9,cloudflare,,,28/09/2026 19:20
00cc5dc8-fdd4-42ac-81ef-fa5ccb8b2c78,geography.cfd,premium,59.71,119.23,high,low,9,spaceship,,,28/09/2026 19:20
e5741856-fccd-4a20-8d48-cba89fd800ea,region.berlin,premium,1408.4,1408.4,high,low,6,namecheap,,,
9f2e846b-7194-4e64-89a8-09e75ad1cbd5,geography.plumbing,available,58.16,58.16,high,low,9,spaceship,,,28/09/2026 19:20
743d9792-80b1-4aa3-b99f-43d0a51fd8ca,geography.rich,available,79,160.72,high,low,9,dynadot,,,28/09/2026 19:20
44e30d24-cbb1-46fd-ae29-d4590100ad0a,geology.cx,available,18.99,18.99,high,low,7,namesilo,,,29/09/2026 07:05
9114a261-743f-4c07-b928-95ca74931b9b,geography.limo,available,43.67,43.67,high,low,9,spaceship,,,28/09/2026 19:20
819aceb8-c4c1-4610-a6e8-492149db53a6,map.gold,resell,,,high,medium,3,"DNSPod, Inc.",24/03/2018 16:16,24/03/2034 16:16,29/09/2026 20:12
f128afa8-f8f8-46bf-b33f-10617fcbb036,cartography.zone,available,51.98,,high,high,11,namecheap,,,
bae43e53-566c-46bc-82b2-bb577ed351d0,geography.events,available,35.2,35.2,high,low,9,cloudflare,,,28/09/2026 19:20
2ca1bcf7-c2f2-4814-abce-8a6163b92bce,map.college,premium,10350.2,10350.2,high,medium,3,spaceship,,,29/09/2026 20:12
25359262-fac8-4dd7-a2a5-d4e35b31f036,map.how,premium,568.42,568.42,high,medium,3,spaceship,,,29/09/2026 20:12
cf1cfb1d-4cca-41a4-976c-8536cf5c2e5f,region.lat,premium,812.5,,high,low,6,name.com,,,
e047d8ea-c411-4cda-b2dd-49fd9f7c2b9b,geographic.country,available,2298,2450,high,low,10,namecheap,,,18/08/2026 22:27
ed6e8417-2e0d-4f8e-bf35-55d861a93b28,geology.ac,available,27.5,49.5,high,low,7,dynadot,,,29/09/2026 07:05
47f0567d-ba06-4c93-a9a1-843c71aa5117,map.futbol,available,13.2,13.2,high,medium,3,cloudflare,,,29/09/2026 20:12
dca3fbe0-4b31-4296-b532-79b55556c3dd,geography.ski,available,20.9,51.95,high,low,9,spaceship,,,28/09/2026 19:20
4adcc052-1b56-4cbb-a95d-68e537c476fe,map.racing,premium,110,110,high,medium,3,dynadot,,,29/09/2026 20:12
a10fbfbe-d72f-4f8a-b889-a85c59b55318,environment.space,premium,682.81,2729.67,high,low,11,porkbun,,,28/09/2026 03:49
282f8ff7-d5e4-40bd-b297-006760fffe7c,map.supply,premium,34.36,34.36,high,medium,3,spaceship,,,29/09/2026 20:12
017151be-14b7-44e9-8cce-13e11b38eb39,map.lifestyle,premium,724.7,1035.2,high,medium,3,spaceship,,,29/09/2026 20:12
6ce8ed8f-c3c4-4282-a5c4-85ff9a7bec59,map.broker,available,28.2,28.2,high,medium,3,cloudflare,,,29/09/2026 20:12
f1ff5636-0ed6-4675-bec3-81669f2a9f26,map.loan,premium,650,84.5,high,medium,3,namecheap,,,29/09/2026 20:12
63eb1475-bfda-41e3-9941-6196ca8feed2,geology.reisen,available,16.76,16.76,high,low,7,spaceship,,,29/09/2026 07:05
7f5f86e8-c027-4da4-aa41-b6c7faaa73ea,map.soy,premium,516.67,516.67,high,medium,3,spaceship,,,29/09/2026 20:12
36248f78-8fae-4132-b7fe-1185588dd3f4,map.srl,available,28.04,28.04,high,medium,3,dynadot,,,29/09/2026 20:12
aabee191-bb75-46a1-9d4c-c9df4143b2ee,map.marketing,premium,128.7,128.7,high,medium,3,namecheap,,,29/09/2026 20:12
4f0d58c6-d948-443d-a863-9047b7e0b272,geology.place,available,17.8,17.8,high,low,7,spaceship,,,29/09/2026 07:05
b7a813c5-7fb9-41cc-8b68-ceba8bf2d706,geography.hockey,available,46.2,46.2,high,low,9,cloudflare,,,28/09/2026 19:20
c1ea8d53-ad34-4f2b-9e42-a9ca4c74b54f,region.xyz,resell,,,high,low,6,Dynadot Inc,04/05/2017 08:14,04/05/2029 23:59,26/09/2026 08:34
7edd7dc0-da87-4e05-bce7-f16155334bdc,atlas.country,available,2298,2450,high,medium,5,namecheap,,,20/09/2026 21:47
7e7a88dc-ef44-46af-bac7-647f6e97bfb6,geography.ninja,available,10.55,25.04,high,low,9,spaceship,,,28/09/2026 19:20
76f726c1-53b3-4883-afa9-301a0e550888,atlas.zone,resell,,,high,medium,5,"DNSPod, Inc.",16/05/2024 15:15,16/05/2035 15:15,26/09/2026 04:06
194331d1-8355-4487-81cf-96efaf4769b3,geography.vip,premium,250.5,,high,low,9,unstoppable,,,28/09/2026 19:20
47d6d093-3ac0-4874-9585-07bd9879b849,geology.rent,available,17.99,59.99,high,low,7,namesilo,,,29/09/2026 07:05
b2d392ff-5b24-4b1d-b890-f069d9666b02,geography.finance,available,20,,high,low,9,unstoppable,,,28/09/2026 19:20
e5c79aa5-2173-4416-a39f-585ed6e28611,map.attorney,premium,102.67,102.67,high,medium,3,spaceship,,,29/09/2026 20:12
0c11a97f-384d-4340-936d-25605c0c4b0b,geology.spot,premium,100.5,,high,low,7,unstoppable,,,29/09/2026 07:05
6d948b36-5016-4874-8ae2-4de87fa0eddc,geography.sucks,available,205.46,213.14,high,low,9,porkbun,,,28/09/2026 19:20
d25045c3-bf8b-456b-b2c5-3fe0970d1023,land.zone,premium,102.67,102.67,high,low,4,spaceship,,,28/09/2026 18:00
bd6fda64-2fbe-4a75-b156-fa8ecbec2b32,geography.boats,available,1.54,14.21,high,low,9,porkbun,,,28/09/2026 19:20
f2d7a31c-5dab-4ade-b393-13554088d0e0,map.kitchen,available,8.24,52.01,high,medium,3,porkbun,,,29/09/2026 20:12
647ce47a-2af1-4798-9a89-21536544ab48,map.software,premium,2587.7,2587.7,high,medium,3,spaceship,,,29/09/2026 20:12
832037ff-1944-4e12-a342-e9ba43cf7665,region.photography,available,9.99,,high,low,6,name.com,,,
940566fa-e539-40d7-80cb-c16e487f9437,geography.dad,premium,61.27,61.27,high,low,9,spaceship,,,28/09/2026 19:20
9dcc9b79-1baf-4930-a314-0c96506ad4e9,region.company,available,3.99,,high,low,6,name.com,,,
424c4192-0086-42fe-ac7e-490556a54730,geography.navy,available,33.32,33.32,high,low,9,spaceship,,,28/09/2026 19:20
3dddea4f-e877-4db5-bea6-48cd29eaff85,region.voto,premium,123.75,,high,low,6,name.com,,,
56a46c79-4044-4c4f-8610-2c7db896ef4c,geography.design,available,2.79,46.78,high,low,9,spaceship,,,28/09/2026 19:20
5485dae4-c28c-4e03-ba87-fb16c7406500,map.fans,premium,155.45,310.7,high,medium,3,spaceship,,,29/09/2026 20:12
237d0b6c-bb77-4468-a5fe-289b116732a2,geography.sarl,available,5.38,5.38,high,low,9,spaceship,,,28/09/2026 19:20
5ab47119-1a6e-4560-a840-1d0d68e927ab,map.channel,premium,1034.17,1034.17,high,medium,3,spaceship,,,29/09/2026 20:12
4e5853a5-2ec9-4341-b277-82df68a7ba65,geography.mba,available,10.55,31.25,high,low,9,spaceship,,,28/09/2026 19:20
20ee8ba8-7130-4917-8647-dd9a1c672992,geography.pub,available,32.29,32.29,high,low,9,spaceship,,,28/09/2026 19:20
b2b0311f-a595-4d84-973b-713cf6c12e06,map.partners,premium,54.36,108.6,high,medium,3,porkbun,,,29/09/2026 20:12
1d69192b-2c31-4bb8-bb22-c699fede39a1,geography.fm,available,68.25,89.25,high,low,9,dynadot,,,28/09/2026 19:20
3a8e71e1-b164-4f2a-82a6-3a5ca85c13a1,geography.bot,premium,103.7,103.7,high,low,9,spaceship,,,28/09/2026 19:20
cce6ad0a-632c-47b8-bae4-7afb5e67352c,region.graphics,available,23.99,23.99,high,low,6,namesilo,,,
203c3571-7b36-4be1-8d0f-5b21e45bc585,geography.coupons,available,2.27,43.67,high,low,9,spaceship,,,28/09/2026 19:20
8257a892-ff19-4fec-b064-83276448d542,spatial.country,available,2298,2450,high,high,7,namecheap,,,10/09/2026 15:07
a68267ee-9105-4904-bcd9-a2fd793513fd,geography.gratis,available,18.83,18.83,high,low,9,spaceship,,,28/09/2026 19:20
c3751e4f-42d0-47fb-ad64-a3020ff000cc,environment.zone,available,12,38.99,high,low,11,unstoppable,,,28/09/2026 03:49
6e135f88-c009-494c-8e29-4424cdf5c570,geography.srl,available,27.29,28.03,high,low,9,porkbun,,,28/09/2026 19:20
3a1ad37e-1ab3-4326-9d69-3b03f24bfa98,region.car,available,1999.99,2199,high,low,6,namesilo,,,
0dbc1e69-950c-45dd-978a-811bba8ba9a7,region.ltda,available,34.99,34.99,high,low,6,namesilo,,,
2302d894-5c36-4b3e-a0c8-fabbb07cd43e,geography.rest,available,25.2,25.2,high,low,9,cloudflare,,,28/09/2026 19:20
993bbc8f-aade-432e-890a-d23b9b36dd00,region.tickets,available,359.99,389.99,high,low,6,namesilo,,,
4cf252ce-c3c1-42d6-89bd-c5a84e963c28,map.contractors,premium,85.8,85.8,high,medium,3,namecheap,,,29/09/2026 20:12
1f2c8300-0ed7-4de2-ae2f-09ddb15dfdae,geography.beauty,available,1.24,13.97,high,low,9,spaceship,,,28/09/2026 19:20
d6f7598f-f857-422b-b7f5-ebb4e40fdbc5,map.bond,resell,,,high,medium,3,Dominet (HK) Limited,15/11/2020 15:24,15/11/2030 23:59,29/09/2026 20:12
43a155ef-bd43-4eec-8ab1-9758f9818560,region.meme,premium,437.5,,high,low,6,name.com,,,
1ab5bb8f-768e-47a9-a4e8-66fcce74ed59,map.airforce,available,83,83,high,medium,3,spaceship,,,29/09/2026 20:12
e1290741-3aba-4fa3-8791-78ee54f9ffd9,geography.store,premium,500.2,625,high,low,9,unstoppable,,,28/09/2026 19:20
3ea4e43e-1d7c-4397-af54-0b0a75265749,mapping.app,premium,258.7,258.7,high,high,7,namecheap,,,25/09/2026 11:52
aeecf213-ea09-40ce-9a90-8c655e5602a6,geology.cfd,premium,59.71,119.23,high,low,7,spaceship,,,29/09/2026 07:05
ccc02039-36eb-4619-a3ed-6326737931bd,cartography.gg,available,82.98,,high,high,11,namecheap,,,
8afd892d-3ada-4fb9-830e-33411758dc1a,map.jewelry,available,50.2,50.2,high,medium,3,cloudflare,,,29/09/2026 20:12
4c955a7e-128f-4ee8-bfb9-3d80d5094670,region.boats,available,1.99,,high,low,6,name.com,,,
1b512f2e-5d75-4575-a465-95ebae6820ae,geography.fund,available,10.55,57.13,high,low,9,spaceship,,,28/09/2026 19:20
6eadc1e8-6e80-49e7-9551-c05b4b1e2d1b,topography.dev,available,9.99,22.99,high,high,10,name.com,,,
101c7ef7-0525-41d8-9093-e1fed4e07303,region.republican,available,5.99,,high,low,6,name.com,,,
6d2594e3-b255-4853-a6bf-b09bbe78eb43,geography.surgery,available,43.67,43.67,high,low,9,spaceship,,,28/09/2026 19:20
09d63a0d-8460-479e-9a5b-041d80c18a57,region.review,premium,1107,116,high,low,6,namesilo,,,
23c256ba-1aa2-4513-b272-8e38580a19a3,map.surf,premium,414.2,26.08,high,medium,3,spaceship,,,29/09/2026 20:12
076aeb15-6299-4c24-8719-5515927e0716,map.cooking,premium,,,high,medium,3,,,,29/09/2026 20:12
558da8d2-d090-4760-b139-154c539983b8,map.gives,premium,68.51,68.51,high,medium,3,spaceship,,,29/09/2026 20:12
0540d2e7-55f2-426b-97a6-c1645d6e1e4c,region.yachts,available,1.99,,high,low,6,name.com,,,
30073c14-d0f1-4abb-ba31-670ac02cba63,region.discount,available,7.99,,high,low,6,name.com,,,
90a63c59-3ccb-4a0a-9a2d-ed9b54c46104,cartography.ninja,available,42.98,,high,high,11,namecheap,,,
e47374ac-0e8c-41d7-84f5-44655bb1e3d0,geology.photography,available,14.49,36.49,high,low,7,namesilo,,,29/09/2026 07:05
02288816-631d-4f37-91bc-4692e73799ef,region.party,available,,,high,low,6,,,,
3ffa30bd-6244-4d69-ba43-b95140354a47,geology.zone,available,12,38.99,high,low,7,unstoppable,,,29/09/2026 07:05
aaf0f20e-cca7-4bf0-91e1-f8678a37f93c,map.lgbt,available,13.5,79.99,high,medium,3,unstoppable,,,29/09/2026 20:12
3a8906e9-6b60-4217-8e4d-e41b01afa52a,geography.flowers,available,93.35,103.4,high,low,9,spaceship,,,28/09/2026 19:20
71a7b9cc-6326-4967-9def-1e9004df1033,geology.casa,premium,47.2,11.8,high,low,7,namesilo,,,29/09/2026 07:05
f83c540c-a773-4787-9b9f-db3a845728d6,geography.lawyer,available,49.95,49.95,high,low,9,porkbun,,,28/09/2026 19:20
2c0bb1c2-e7e4-4446-9184-3213cf9aedc1,region.photo,available,29.99,29.99,high,low,6,namesilo,,,
7762756e-9006-4e81-8d53-c4b97fa0a55c,map.webcam,premium,517.7,67.48,high,medium,3,spaceship,,,29/09/2026 20:12
11f7f381-7e3e-4770-819d-ec05057b1f6c,map.garden,premium,,,high,medium,3,,,,29/09/2026 20:12
71c4fd88-bdd1-43a7-b7e9-cc2c40df1eee,region.baby,available,17.99,54.99,high,low,6,namesilo,,,
2e2f2c61-83bd-45b9-8e04-90c263c78a4f,region.recipes,available,11.99,,high,low,6,name.com,,,
c6dbbe9a-2e81-4281-aad1-e4dc250b6190,terrain.london,premium,137.94,34.49,high,low,7,namecheap,,,28/09/2026 20:36
dc195f08-624f-47ef-aee1-b4225827c41c,geology.homes,available,1.99,17.29,high,low,7,namesilo,,,29/09/2026 07:05
4167e987-535e-4209-b397-f1777e4b0064,map.voto,available,10.55,55.93,high,medium,3,spaceship,,,29/09/2026 20:12
177c9585-742e-490f-bbd1-12ebc4fdb862,geology.video,premium,60.5,,high,low,7,unstoppable,,,29/09/2026 07:05
cc871470-d80d-4f83-a46d-9974af5508e9,geographical.io,resell,,,high,low,12,,,,29/09/2026 21:14
6d8dad03-1a47-43ed-931d-e63a5a5c5143,geography.wedding,available,25.2,25.2,high,low,9,cloudflare,,,28/09/2026 19:20
90f7adaf-3e57-4e06-b04a-eb131aedaf0e,geographic.site,available,,,high,low,10,,,,
23603e29-d334-45d3-8abb-7a778a6d05fc,geology.adult,available,101.87,101.87,high,low,7,dynadot,,,29/09/2026 07:05
b32f5e41-8d6e-4014-a799-fd9a882282f5,territory.cv,available,9.99,9.99,high,low,9,namesilo,,,29/09/2026 16:20
5e0776c0-4ad9-49e1-877c-8c805c4037e0,geography.monster,available,1.18,13.97,high,low,9,spaceship,,,28/09/2026 19:20
7606210d-df94-49c4-b985-14e56c0251dd,region.loans,available,19.99,,high,low,6,name.com,,,
fd14b72b-f931-4bee-ad49-e0e1529cddbe,land.world,resell,,,high,low,4,Alibaba Cloud Computing Ltd. d/b/a HiChina (www.net.cn),20/02/2020 17:13,20/02/2027 17:13,28/09/2026 18:00
d26ff074-f9e5-4f6d-887c-6ab04449e76f,map.training,premium,102.67,102.67,high,medium,3,spaceship,,,29/09/2026 20:12
eaaa99a5-7f25-4ce5-a99b-50ba5ceaf706,region.talk,premium,71.4,71.4,high,low,6,namesilo,,,
bad921f2-73f4-467b-be6f-b2f0ae52e67c,geology.dev,premium,50.92,50.92,high,low,7,spaceship,,,29/09/2026 07:05
e4654bfa-3aa1-4637-ba54-9891cd9a5bd8,geography.dating,available,20,,high,low,9,unstoppable,,,28/09/2026 19:20
a700ff04-cc96-4b3a-81a1-57a319f49fed,region.website,premium,156.25,,high,low,6,name.com,,,
de7cf89b-0b2e-43cb-a438-244101597a56,region.lifestyle,premium,490,700,high,low,6,namecheap,,,
ae9aae6e-68b7-4916-9fea-35173f24224a,map.taxi,resell,,,high,medium,3,"Spaceship, Inc.",17/07/2026 11:13,17/07/2027 11:13,29/09/2026 20:12
8bb186f8-5ebf-42df-bf76-4e50efb9815f,geology.tours,available,5.57,51.58,high,low,7,dynadot,,,29/09/2026 07:05
7310f207-74bc-4239-9d50-693e4a8c8fb7,region.bike,available,14.99,,high,low,6,name.com,,,
91ac85c0-30b2-486a-abb1-9a6d6b710a84,map.kaufen,available,23.94,23.94,high,medium,3,spaceship,,,29/09/2026 20:12
7e908c57-c139-4b41-ae60-f9abbfa70c13,atlas.io,resell,,,high,medium,5,"GoDaddy.com, LLC",08/08/2011 14:45,08/08/2027 14:45,26/09/2026 04:06
1c8c7fec-9437-492b-97ea-48a3af7443a1,region.trading,available,19.99,,high,low,6,name.com,,,
79c520d2-efb4-42bc-ab04-feba188311ee,geography.loans,available,10.92,96.52,high,low,9,dynadot,,,28/09/2026 19:20
253b7dc3-3ad1-43c1-9ca6-c65a7f26b766,landform.org,resell,,,high,high,8,"GoDaddy.com, LLC",13/11/2014 14:30,13/11/2026 14:30,26/09/2026 07:08
10751161-b10e-4a1d-9070-477d1110d092,map.holdings,available,50.2,50.2,high,medium,3,cloudflare,,,29/09/2026 20:12
6d8f7c55-a14a-4651-932e-f93c37476ab2,cartography.so,available,,,high,high,11,,,,
cda9e56b-25aa-47bc-b9f3-1b0efb3ada9b,geography.investments,available,12,,high,low,9,unstoppable,,,28/09/2026 19:20
c184e4ca-9529-41c5-b017-daa1404c54b1,region.garden,available,1.99,,high,low,6,name.com,,,
be8c9049-a37d-4dbb-a9ef-e424d3190399,geology.camera,available,46.78,46.78,high,low,7,spaceship,,,29/09/2026 07:05
38e795e5-9d86-4b94-919d-633da989d519,geography.delivery,available,6.5,,high,low,9,unstoppable,,,28/09/2026 19:20
84925585-651e-4f69-a13a-2b5b409fd278,geography.computer,available,30.2,30.2,high,low,9,cloudflare,,,28/09/2026 19:20
bf1d965f-5ec6-4759-8722-7b31ce1dbe8b,region.sex,available,154.98,,high,low,6,namecheap,,,
29095957-9383-4a3a-a14a-d51a22488beb,ecosystem.site,resell,,,high,low,9,Dynadot Inc,02/09/2026 12:42,02/09/2027 12:42,28/09/2026 02:43
0c372b1a-12bc-4b57-b844-57c334b394a0,map.chat,resell,,,high,medium,3,Epik LLC,29/05/2015 14:27,29/05/2027 14:27,29/09/2026 20:12
2dd572d1-7792-4e97-b89c-b3a77010c337,geology.mov,premium,,,high,low,7,,,,29/09/2026 07:05
18522d23-9b0c-4228-a29e-8476b8056bdf,geology.nexus,premium,64.93,64.93,high,low,7,porkbun,,,29/09/2026 07:05
648759a3-fe40-4f17-a3bf-deca3dd795aa,territory.ag,available,77.98,77.98,high,low,9,porkbun,,,29/09/2026 16:20
dec31439-f6fb-4f77-bb81-404d270e78ee,geography.watch,available,34.2,34.2,high,low,9,cloudflare,,,28/09/2026 19:20
b68c50a2-271f-4e9d-9806-1f633c9f5c3d,geography.ceo,available,9.19,103.7,high,low,9,spaceship,,,28/09/2026 19:20
8be26e42-cdca-4620-b6e1-8710920a15c5,geology.inc,premium,1604.45,2070.2,high,low,7,spaceship,,,29/09/2026 07:05
9640383f-efc5-4345-91aa-da3ac8a7e9a1,geology.cv,available,8.03,8.03,high,low,7,porkbun,,,29/09/2026 07:05
8e10a223-bee7-4b60-97d2-714bc065a14d,region.business,resell,,,high,low,6,"Sav.com, LLC - 43",07/07/2024 17:00,07/07/2028 17:00,26/09/2026 08:34
c9bd5399-e2e7-42ae-adcb-485d180f6a5d,region.apartments,available,19.99,,high,low,6,name.com,,,
acac256a-3c4d-4b89-8416-c4b31d1aa5e6,geography.qpon,available,3.49,9.72,high,low,9,dynadot,,,28/09/2026 19:20
128bfb2a-34ee-42ae-9d81-abf4eeb2d6bc,region.fun,resell,,,high,low,6,"Chengdu West Dimension Digital Technology Co., Ltd.",06/01/2025 23:14,06/01/2027 23:59,26/09/2026 08:34
1afdc883-9139-4998-876b-5c905596d413,territory.flights,available,32.32,48.37,high,low,9,dynadot,,,29/09/2026 16:20
c7c5e0e6-1c11-4c6d-93af-ba900bb4edab,geology.accountants,available,117.99,117.99,high,low,7,namesilo,,,29/09/2026 07:05
80952f31-1aa2-4d43-9306-25f552f5891c,territory.eco,available,47.81,59.71,high,low,9,spaceship,,,29/09/2026 16:20
c1235ff0-ee2e-4a7d-86a8-3d09c8812822,geology.vote,available,33,,high,low,7,unstoppable,,,29/09/2026 07:05
ba8c4f92-1218-4a98-a4cf-307e9192d685,geology.land,available,15.99,41.99,high,low,7,namesilo,,,29/09/2026 07:05
286cf669-262c-4345-a9fa-a35a27cb907f,map.condos,premium,102.67,102.67,high,medium,3,spaceship,,,29/09/2026 20:12
7a2aadaa-603f-4109-bd2a-ce298e74c054,geology.computer,available,22.5,,high,low,7,unstoppable,,,29/09/2026 07:05
ee43b42e-4608-49cf-a450-3a62363b2113,region.gallery,available,28.99,28.99,high,low,6,namesilo,,,
68810377-708a-4a08-80b8-0ea82630d89b,terrain.immobilien,available,30.22,30.22,high,low,7,spaceship,,,28/09/2026 20:36
98931e24-5bd2-4459-9350-04a7a399441b,region.bingo,available,14.99,,high,low,6,name.com,,,
7895465a-1203-48c8-9608-2bb09735d6d8,geology.ink,available,2.98,43.98,high,low,7,namecheap,,,29/09/2026 07:05
1674de7b-1066-487d-a6e8-91ca3a302409,geology.gifts,available,29.18,29.18,high,low,7,spaceship,,,29/09/2026 07:05
4b8883af-e6f5-4087-b78b-13a397e27e6f,region.productions,available,14.99,,high,low,6,name.com,,,
511cbd08-0fc9-4430-91f3-f363b6d52f23,map.quest,premium,8280.2,8280.2,high,medium,3,spaceship,,,29/09/2026 20:12
182bd6d1-c871-4921-b1d6-c8216d2662a1,map.desi,available,19.98,22.98,high,medium,3,namecheap,,,29/09/2026 20:12
8542f3fd-b754-4871-89bd-0676f1b5c50a,region.buzz,premium,116,53.92,high,low,6,namesilo,,,
a632386e-61b6-4b11-adc4-bd6e29428725,map.trading,available,17.34,17.34,high,medium,3,dynadot,,,29/09/2026 20:12
3400fa8b-8de7-4e01-bc91-5464af90b5e3,geology.tires,available,70.2,70.2,high,low,7,cloudflare,,,29/09/2026 07:05
ca7d5c49-c4f7-4b56-88aa-1be98fec8c63,region.cooking,available,32.49,32.49,high,low,6,namesilo,,,
878fb9b9-46a5-499d-ab17-d9fb8dbcffbb,geology.diamonds,available,43.67,43.67,high,low,7,spaceship,,,29/09/2026 07:05
38d831be-d5ef-48f2-98c1-8fde94c1c251,map.cfd,premium,390,780,high,medium,3,namecheap,,,29/09/2026 20:12
6aba0593-63b3-4a76-800e-79880ab5f193,geography.date,premium,310.7,51.95,high,low,9,spaceship,,,28/09/2026 19:20
c6b2b026-74ae-4f4f-bcab-ea6924ec8688,region.hockey,available,14.99,,high,low,6,name.com,,,
0d18ff0f-1e08-4062-ac60-5cd0ae6581c7,region.autos,available,,,high,low,6,,,,
598baa82-d4e7-496b-af3c-c4c83e155ede,territory.porn,available,51.95,98.53,high,low,9,spaceship,,,29/09/2026 16:20
e9f587ef-589e-496b-8262-22df578f0e46,map.ski,premium,1639.13,3275.5,high,medium,3,porkbun,,,29/09/2026 20:12
9cab43e3-5f6a-4c48-a5a2-acbf897971c6,region.codes,premium,78.54,78.54,high,low,6,namesilo,,,
17063e4e-5cdb-4f4a-b946-cf92ccf90f37,region.channel,premium,311.25,,high,low,6,name.com,,,
c3ef66ad-a3bd-4aa3-bb4f-d254188fefad,map.rentals,premium,108.9,108.9,high,medium,3,dynadot,,,29/09/2026 20:12
a17d6cf1-7645-4ee5-b2ad-7ef439be90c8,geography.express,available,9,31.25,high,low,9,spaceship,,,28/09/2026 19:20
67f44662-0a35-4a2f-96bd-b69f10b90023,geology.so,available,,,high,high,7,,,,
93bf4840-009f-4dc9-99cb-384f9612acd1,terrain.maison,available,44.2,44.2,high,low,7,cloudflare,,,28/09/2026 20:36
067a6c76-d607-4dc3-a1e7-61117d75262a,region.win,available,5.25,6.25,high,low,6,namesilo,,,
498466f8-c7e0-462f-900f-306dff7bf7c4,geography.claims,available,50.2,50.2,high,low,9,cloudflare,,,28/09/2026 19:20
acfda762-3562-4596-9b26-7d91fba6c01a,region.reise,premium,242,242,high,low,6,namesilo,,,
9f722959-0d02-4d2b-ac0e-6390f47d68b9,geology.supplies,available,19.87,19.87,high,low,7,spaceship,,,29/09/2026 07:05
08f3ab30-1505-426e-a282-bf0de537b3d1,geology.promo,available,10.55,19.87,high,low,7,spaceship,,,29/09/2026 07:05
0463cb7c-b71d-4d77-b6da-e3945d654bce,region.flowers,available,64.99,114.99,high,low,6,namesilo,,,
8d9444a7-d1b6-46a6-8b07-8ff1c741341f,map.health,premium,5458.82,66.02,high,medium,3,porkbun,,,29/09/2026 20:12
8eca3113-309c-423d-b30b-5d3433dde0a3,region.solutions,available,5.99,,high,low,6,name.com,,,
8cb726fd-0f6a-47f2-ae2b-5ca130ac60c8,environment.so,available,,,high,low,11,,,,
a3aaaf58-6382-4d32-b572-f4c30c27e4a0,geology.equipment,available,28.99,28.99,high,low,7,namesilo,,,29/09/2026 07:05
1c25ec90-186e-44c8-a233-bfac6fdc82df,territory.global,available,75.2,75.2,high,low,9,cloudflare,,,29/09/2026 16:20
abfb2fab-928f-46e2-8373-b0cf5bde4d62,region.diy,premium,437.5,,high,low,6,name.com,,,
3ac5a9b4-ad54-4562-b9b8-2dcbe3b23b80,geology.poker,available,10.99,67.99,high,low,7,namesilo,,,29/09/2026 07:05
d155618b-23db-4e99-befd-120bfa1c82c8,territory.green,available,10.55,64.37,high,low,9,spaceship,,,29/09/2026 16:20
d9c5d629-22f7-42fc-983f-77beca624604,geography.gives,available,21.7,21.7,high,low,9,cloudflare,,,28/09/2026 19:20
09d755b5-be25-40bc-ad74-974cdf193e0b,geology.music,available,38.5,38.5,high,low,7,spaceship,,,29/09/2026 07:05
265d3e32-3c77-45ea-a611-23a8e5d7ca8b,geology.sydney,available,44.98,54.98,high,low,7,namecheap,,,29/09/2026 07:05
e28e7e79-7b24-4ec9-91ac-1b9b5739e41b,geography.dance,available,9.85,22.69,high,low,9,dynadot,,,28/09/2026 19:20
4c2f1692-abf3-4df3-9da4-625a7b9ac462,geography.win,premium,362.45,51.95,high,low,9,spaceship,,,28/09/2026 19:20
7db24876-d10a-4fdb-a45f-1c0511363e7f,map.vacations,resell,,,high,medium,3,"Global Domains International, Inc. DBA DomainCostClub.com",01/08/2021 19:31,01/08/2027 19:31,29/09/2026 20:12
c6adb892-1c34-426c-aa25-7f2288f97149,region.airforce,available,103.99,103.99,high,low,6,namesilo,,,
fb30d8e7-4e05-42c4-af3a-cfbfedffb486,region.poker,premium,625,,high,low,6,name.com,,,
d7987e15-56c7-47af-bbb2-ed90686b70c8,region.day,premium,311.25,,high,low,6,name.com,,,
60ad9ec1-b39f-4fc3-a04f-07531d68ea73,region.site,premium,312.5,,high,low,6,name.com,,,
fc3c4e76-b2c1-485b-a1bb-dc1f8f1e2ef5,ecosystem.place,available,22.49,22.49,high,low,9,namesilo,,,28/09/2026 02:43
cc8762da-78e1-4a73-9745-8856a0b98bd9,terrain.ryukyu,available,17.98,22.98,high,low,7,namecheap,,,28/09/2026 20:36
b6845e4c-ae49-4e51-aaba-1ce43ccfb32e,environment.berlin,available,79.98,89.98,high,low,11,namecheap,,,28/09/2026 03:49
c8f92a70-7372-408f-9ed4-a32f0fbfe9d5,geology.rehab,available,36.99,36.99,high,low,7,namesilo,,,29/09/2026 07:05
bf494588-c78c-4e1f-be97-f41e302844e9,region.lease,available,14.99,,high,low,6,name.com,,,
08abbf6a-7794-45ab-9624-3c5e7de3914a,terrain.lat,premium,2183.84,2183.84,high,low,7,porkbun,,,28/09/2026 20:36
132bea97-0eaa-48aa-b5f8-38e49ee9b700,region.moi,available,25.99,25.99,high,low,6,namesilo,,,
460c7469-d8b7-471e-96e3-19185f119aa1,terrain.my,premium,68.64,98.07,high,low,7,namecheap,,,28/09/2026 20:36
af474065-1fb8-4bdc-a429-ab77a19c7731,geology.fm,available,85,85,high,low,7,cloudflare,,,29/09/2026 07:05
2588d9e7-23ea-42f8-9c0a-f0950fb6f635,geology.moe,available,13.99,13.99,high,low,7,namesilo,,,29/09/2026 07:05
d07a83d4-d3de-4a88-ab42-2563ad5332f4,region.lgbt,premium,78.54,78.54,high,low,6,namesilo,,,
6f2a96f3-9411-4bdf-b203-d22ee9ee55c3,maps.zone,resell,,,high,low,4,"NameCheap, Inc.",20/01/2026 16:34,20/01/2027 16:34,26/09/2026 07:25
17821525-4b98-49df-ad23-529461e03b33,territory.page,premium,34.22,34.22,high,low,9,namesilo,,,29/09/2026 16:20
b1a43abb-5ea2-4a98-b857-3a1aacd4dfa0,territory.lawyer,available,51.58,51.58,high,low,9,dynadot,,,29/09/2026 16:20
4a332cf1-925d-42cf-8c08-306da0c64276,region.ing,premium,812.5,,high,low,6,name.com,,,
670cbdba-a183-4869-bd54-bb7dc7d6f6cb,geology.org,resell,,,high,low,7,"GoDaddy.com, LLC",19/06/1997 04:00,18/06/2027 04:00,29/09/2026 07:05
8fb01a36-ab16-4170-93ff-137c451bf22f,geology.sexy,available,2749.99,2749.99,high,low,7,namesilo,,,29/09/2026 07:05
38f06021-6732-46de-94af-1a3dc7e5bd71,region.forex,available,19.99,,high,low,6,name.com,,,
299a25e1-5945-42ba-b22b-3341b23ff341,geology.porn,available,95.2,95.2,high,low,7,cloudflare,,,29/09/2026 07:05
449bdb8c-1e01-4c44-aa01-1d9dbbf2eb3e,geology.my,premium,77,77,high,low,7,dynadot,,,29/09/2026 07:05
833b4214-d395-4b9d-aa9c-da55cbb4607e,territory.ryukyu,available,17.98,22.98,high,low,9,namecheap,,,29/09/2026 16:20
c8284c81-e5f0-4e95-b282-6683371bcb6a,map.storage,available,535.22,535.22,high,medium,3,dynadot,,,29/09/2026 20:12
fab49d1e-8f49-457d-a62b-f729c6898f52,region.cx,available,18.99,18.99,high,low,6,namesilo,,,
ec542ff3-90b7-4e60-ac2c-ec27c7a21e94,terrain.kiwi,available,21.47,21.47,high,low,7,dynadot,,,28/09/2026 20:36
4abf00e3-4aa8-4b35-b3b3-e5cdf7355e63,topography.so,available,68.98,,high,high,10,namecheap,,,
032defe9-ab26-422a-9da3-88aca6418505,territory.nexus,premium,64.93,64.93,high,low,9,porkbun,,,29/09/2026 16:20
742a4673-65c0-4077-b87a-5dc8fb17a573,environment.ryukyu,available,17.98,22.98,high,low,11,namecheap,,,28/09/2026 03:49
64b56479-0ab1-477a-a467-5053c0a3deb5,geology.productions,available,10.99,40.49,high,low,7,namesilo,,,29/09/2026 07:05
1f637f18-b9a4-45bf-bd49-0e5b051a6ff4,geology.holiday,available,50.2,50.2,high,low,7,cloudflare,,,29/09/2026 07:05
e43a4250-e26f-471e-8ec2-0e1ed194e60a,region.green,available,11.99,,high,low,6,name.com,,,
55693c6f-b69c-4904-955b-b48c91ab32d1,geographical.ag,available,82.5,82.5,high,low,12,dynadot,,,29/09/2026 21:14
92ba0124-4a94-4676-8014-557a5c74662c,geographical.place,available,17.8,17.8,high,low,12,spaceship,,,29/09/2026 21:14
2b7aa0b8-4a20-439e-8d6a-80bac1f5e083,geology.diy,available,4.35,31.25,high,low,7,spaceship,,,29/09/2026 07:05
fb3b9e5e-e76b-4507-9ed0-87d01a8b7fd5,territory.cam,available,1.7,14.69,high,low,9,spaceship,,,29/09/2026 16:20
aa92ab64-7a88-4d6e-8824-0359304a9491,terrain.management,available,8.24,21.62,high,low,7,dynadot,,,28/09/2026 20:36
146a00c7-d6e7-40f5-8e0f-15899425aa2c,terrain.gg,resell,,,high,low,7,Enrapture Limited (https://enrapture.gg),,,28/09/2026 20:36
37e5def1-50f9-47ee-a424-63386a5dcf73,terrain.ong,available,15.2,15.2,high,low,7,cloudflare,,,28/09/2026 20:36
8d428b1d-b37c-4395-b9fa-87f02f624a78,map.auction,premium,207.2,207.2,high,medium,3,spaceship,,,29/09/2026 20:12
73d8b17f-b6c3-4b1b-b424-0ae111879db2,territory.tube,premium,109.69,22.36,high,low,9,porkbun,,,29/09/2026 16:20
fca486c9-f45f-4bf2-9117-799ff31d3be6,territory.fail,available,31.25,31.25,high,low,9,spaceship,,,29/09/2026 16:20
fa75bd39-2030-44e1-911b-a1347346481b,terrain.link,premium,362.45,362.45,high,low,7,spaceship,,,28/09/2026 20:36
50859ee9-3b46-4394-9e2b-60d71f6cd623,region.cyou,premium,141.44,282.88,high,low,6,namesilo,,,
57033d25-5ed0-482e-85b5-c281530b0ba9,geology.blue,available,19.2,19.2,high,low,7,cloudflare,,,29/09/2026 07:05
e7b1895a-846a-4d2d-ab3d-ce6d84f8d7e8,map.run,resell,,,high,medium,3,,,,29/09/2026 20:12
d9b6b15f-5970-40a3-ad40-a05275c4f68d,spatial.boston,available,23.49,23.49,high,high,7,namesilo,,,10/09/2026 15:07
919b1d3b-6961-429d-9c75-6a80b2bf030e,map.sbs,premium,330,660,high,medium,3,dynadot,,,29/09/2026 20:12
8f21cb9b-60d3-4c16-b88c-e5137ccfe29e,spatial.spot,premium,116,116,high,high,7,namesilo,,,10/09/2026 15:07
909008ed-2297-48a1-a650-12432c265909,map.navy,available,34.27,34.27,high,medium,3,dynadot,,,29/09/2026 20:12
155f6788-50c6-4456-aa9d-017e627bc781,land.voyage,available,45.2,45.2,high,low,4,cloudflare,,,28/09/2026 18:00
843f278f-7658-4261-a285-c950752989a9,geology.run,available,2.79,21.94,high,low,7,spaceship,,,29/09/2026 07:05
9184761e-058f-46fb-b81c-01c34e2918dc,environment.paris,available,66.98,66.98,high,low,11,namecheap,,,28/09/2026 03:49
c6f681ef-1157-454c-9d20-b25add346e18,map.ryukyu,available,17.98,22.98,high,medium,3,namecheap,,,29/09/2026 20:12
65e63d22-e8c4-4c74-aefe-b9f743ee92f7,terrain.quest,premium,2070.2,2070.2,high,low,7,spaceship,,,28/09/2026 20:36
1b3cdfd5-bb93-419b-b617-270d9d85583d,region.haus,available,19.99,,high,low,6,name.com,,,
53479bcd-b60f-4807-8843-5a88c9183169,geology.hot,premium,116,116,high,low,7,namesilo,,,29/09/2026 07:05
42149a6b-10ff-484a-8966-345b120af894,geology.mobile,premium,621.2,621.2,high,low,7,spaceship,,,29/09/2026 07:05
62f3f6b3-b7dc-43a5-aff6-c5c06f1041d4,territory.study,premium,51.95,51.95,high,low,9,spaceship,,,29/09/2026 16:20
3e9db20b-8624-4cd8-802b-175313f0e369,territory.motorcycles,available,1.24,13.97,high,low,9,spaceship,,,29/09/2026 16:20
20c2b33f-1baa-47cc-a0de-316550405a60,terrain.condos,available,61.98,72.98,high,low,7,namecheap,,,28/09/2026 20:36
a540310f-5662-44e0-9ccf-d5576c0e72b9,geology.voyage,available,58.99,58.99,high,low,7,namesilo,,,29/09/2026 07:05
1a456fce-33d2-45f0-84f0-7076f9834774,geographic.sh,available,34.98,76.98,high,low,10,namecheap,,,18/08/2026 22:27
9639d941-ca5a-43f4-8706-822aa4aeaee9,land.ing,premium,31050.2,31050.2,high,low,4,spaceship,,,30/09/2026 02:04
67250c8a-0b64-4dc6-94f9-f8fee719e082,region.vegas,available,12.99,43.99,high,low,6,namesilo,,,
81ce872e-7084-4c69-8c63-b899353e6e2b,region.navy,available,41.99,41.99,high,low,6,namesilo,,,
e6a666ee-edbf-4028-a157-2a80767779af,geology.kitchen,available,10.99,64.99,high,low,7,namesilo,,,29/09/2026 07:05
afd06d73-86c0-4c43-a130-adde627bb53d,geology.voting,available,1398,1448,high,low,7,namecheap,,,29/09/2026 07:05
467aca5c-1fa1-4452-af5b-634f1110e65e,land.condos,premium,207.2,207.2,high,low,4,spaceship,,,28/09/2026 18:00
32a5b688-de6f-41cc-a253-4f44e024a6a5,terrain.flights,available,20.9,46.78,high,low,7,spaceship,,,28/09/2026 20:36
1fb746c7-cc8a-4ae0-852e-94ac4cc2c131,geology.photo,available,26.08,26.08,high,low,7,spaceship,,,29/09/2026 07:05
ebeb0764-1ea8-4947-9f44-69e3a7343e6b,terrain.exposed,available,18.41,18.41,high,low,7,dynadot,,,28/09/2026 20:36
73b1ffa7-97a2-4acc-ad23-355eedbed845,terrain.barcelona,available,25.04,25.04,high,low,7,spaceship,,,28/09/2026 20:36
97e2fc9f-7c36-472e-b862-f722f4e80032,territory.prof,premium,63.7,63.7,high,low,9,namecheap,,,29/09/2026 16:20
cd827bcb-8ba1-4e0d-9d52-fed125eb0ad7,territory.fyi,available,17.7,17.7,high,low,9,namesilo,,,29/09/2026 16:20
d572b3a4-c3a9-42f2-b8ee-01fb8ff67f80,territory.fish,available,34.2,34.2,high,low,9,cloudflare,,,29/09/2026 16:20
48fadb4e-ace7-425c-a327-7d1b8c28564a,geographical.sydney,available,44.98,54.98,high,low,12,namecheap,,,29/09/2026 21:14
61ee249a-1ce1-4b9c-903e-b0b124a2f69c,geographic.bayern,available,34.99,34.99,high,low,10,namesilo,,,18/08/2026 22:27
fbca332d-567a-477e-a376-ac3de9bee12d,terrain.bz,available,21.98,26.98,high,low,7,namecheap,,,28/09/2026 20:36
290b0a0f-ae3e-4fcb-95a7-264cbeca88c5,topography.xyz,resell,,,high,high,10,"Spaceship, Inc.",14/02/2022 00:39,14/02/2027 23:59,26/09/2026 09:41
6f417b64-5f1c-4bb7-899a-3013d7072bed,region.bayern,premium,294.1,,high,low,6,name.com,,,
c0bd3fbb-70cc-4cf4-b8da-3ba7d0fb54f1,environment.cx,available,19.98,26.98,high,low,11,namecheap,,,28/09/2026 03:49
fbac6f5a-f6f1-467f-aef8-afeded25a9f3,region.racing,premium,116,116,high,low,6,namesilo,,,
47656bd5-20ca-485a-920c-26107c9dba57,terrain.ngo,available,15.2,15.2,high,low,7,cloudflare,,,28/09/2026 20:36
740fa172-18a1-4a33-84f9-27ad429571e1,geology.eco,premium,517.7,59.71,high,low,7,spaceship,,,29/09/2026 07:05
bdbe3aee-c487-43f5-b86a-88959d052ea8,territory.tips,available,15.99,30.99,high,low,9,namesilo,,,29/09/2026 16:20
04006e7a-1dbf-4ea0-91cb-4a5d80a313f1,landscape.vegas,premium,242,119.94,high,low,9,namesilo,,,28/09/2026 12:24
7b106644-b49e-4c7a-bb65-a67bee329fb9,geology.works,available,3.31,31.25,high,low,7,spaceship,,,29/09/2026 07:05
2d511f0b-96ed-4595-8993-24ac9acaf4ff,region.page,premium,311.25,,high,low,6,name.com,,,
5196d979-ee04-4a5f-aa4c-c8267747fb1c,geology.contractors,available,35.49,35.49,high,low,7,namesilo,,,29/09/2026 07:05
299f3513-37e4-463d-8943-23b317b027a9,atlas.hamburg,available,69.98,73.98,high,medium,5,namecheap,,,20/09/2026 21:47
e4407963-78f0-44ea-8244-6289f6fbed67,map.cash,resell,,,high,medium,3,"Spaceship, Inc.",11/03/2025 15:15,11/03/2027 15:15,29/09/2026 20:12
f5d55068-32de-450a-b10f-10a5a4b85add,geology.paris,available,66.98,66.98,high,low,7,namecheap,,,29/09/2026 07:05
e6a3309b-1763-4235-9fe2-2677b2e63f61,area.london,premium,135.46,31.22,high,low,4,namesilo,,,28/09/2026 22:00
08fa86e0-4e40-49f3-acb7-8bf2c78ee213,territory.gifts,available,29.18,29.18,high,low,9,spaceship,,,29/09/2026 16:20
25d7f8e9-030f-44b3-9ce4-1db3675cf1e9,region.kids,premium,53.92,21.24,high,low,6,namesilo,,,
60a1bf5b-9eeb-46f2-8090-ae223f1de9f6,region.storage,available,509.99,529.99,high,low,6,namesilo,,,
75d0c9a9-381c-4465-8bc0-4ce3695c23ed,terrain.plus,available,4.34,43.67,high,low,7,spaceship,,,28/09/2026 20:36
e6b5a6ca-1625-4b34-a03d-6d0a37b43197,geographical.sh,available,31.05,46.58,high,low,12,spaceship,,,29/09/2026 21:14
a7256498-80c9-4989-abd3-dae429b7197c,territory.school,available,28.2,28.2,high,low,9,cloudflare,,,29/09/2026 16:20
4fa7c897-3386-4144-9475-5ebe05caccbf,terrain.lifestyle,available,1.8,48.98,high,low,7,namecheap,,,28/09/2026 20:36
3b09675e-df27-47f3-beeb-eebcd3203589,terrain.monster,available,1.5,21.98,high,low,7,namecheap,,,28/09/2026 20:36
0b3cb838-252e-4cb0-9ec7-363521ef1b21,region.software,available,19.99,,high,low,6,name.com,,,
131505b3-87c5-4376-87a5-4bbacb8ef7f0,atlas.lat,premium,2660,2660,high,medium,5,namesilo,,,20/09/2026 21:47
8d34b5fa-0d20-4edd-94a2-4b000989c381,environment.store,premium,162.5,650,high,low,11,namecheap,,,28/09/2026 03:49
f8f7657c-e34e-4e5e-8165-838cccbcc2aa,geology.gold,resell,,,high,low,7,,,,29/09/2026 07:05
ac1e590c-5f95-4d9c-94c6-692d9198780a,geology.ag,available,89.99,79.99,high,low,7,namesilo,,,29/09/2026 07:05
1c7933d9-6e75-4884-80b0-efc9589e60c0,geographical.pw,available,6.29,18.11,high,low,12,spaceship,,,29/09/2026 21:14
11526f7e-9ca5-4902-8527-42cd02c581d9,terrain.name,available,8.98,9.98,high,low,7,namecheap,,,28/09/2026 20:36
032aecbb-6dd9-4cdc-9c23-00794fe6f1d4,terrain.christmas,premium,2600,2600,high,low,7,namecheap,,,28/09/2026 20:36
8161d4a8-57b3-48be-8fa1-e03217abb00d,region.fyi,premium,17.7,17.7,high,low,6,namesilo,,,
4f728b12-4193-4f73-a5d7-02ed0b1c2f8d,map.recipes,available,8.5,,high,medium,3,unstoppable,,,29/09/2026 20:12
1c5b4951-0059-496c-949e-dfc927369a20,geology.talk,premium,66,66,high,low,7,dynadot,,,29/09/2026 07:05
7de903a9-30fc-49f9-88eb-fb42f365c6ea,environment.channel,premium,167.7,167.7,high,low,11,namecheap,,,28/09/2026 03:49
d21c0289-4ee1-47eb-9f0a-0b8793291f52,environment.surf,available,1.5,26.97,high,low,11,dynadot,,,28/09/2026 03:49
3297e884-4c86-42e9-9d32-6d174ef946f4,territory.melbourne,premium,91.07,91.07,high,low,9,namecheap,,,29/09/2026 16:20
2b281788-d0bf-4422-8321-2659b94b6e5e,geographic.so,available,,,high,low,10,,,,
e5a071f7-0d6e-44dc-a5e8-8f66dce336f2,geographical.id,available,19.95,19.95,high,low,12,dynadot,,,29/09/2026 21:14
46294231-e193-4434-a086-03233338f5fc,geology.energy,available,5.98,155.98,high,low,7,namecheap,,,29/09/2026 07:05
46470a00-7977-452f-ab31-766c9809923b,region.hot,premium,116,116,high,low,6,namesilo,,,
fd2453aa-99dc-4255-bcd6-96452c9db0f1,geology.supply,available,20.9,20.9,high,low,7,spaceship,,,29/09/2026 07:05
4e05d877-b722-4620-a36f-ea558cb6225d,region.adult,available,166.98,,high,low,6,namecheap,,,
290dd6e7-4002-4214-9c0f-158e24f7e4df,geographical.reise,available,75.2,75.2,high,low,12,cloudflare,,,29/09/2026 21:14
8ca3ccf5-0f0f-4125-8508-c0893ca65322,atlas.ryukyu,available,17.98,22.98,high,medium,5,namecheap,,,20/09/2026 21:47
5052452a-c0de-42f3-8748-6590e7f8ef14,region.uno,premium,1562.5,,high,low,6,name.com,,,
3f3642a3-a635-4a65-b859-51c14240e25e,geology.wine,available,9.99,59.99,high,low,7,namesilo,,,29/09/2026 07:05
66447f59-5eef-44cf-9e45-949dfcbd309a,geology.horse,available,32.49,32.49,high,low,7,namesilo,,,29/09/2026 07:05
6559eecf-5343-45ad-b699-a5bef90a1344,territory.dentist,available,51.95,51.95,high,low,9,spaceship,,,29/09/2026 16:20
1fe9c2f9-fe4b-450b-9dfa-f7bd79a8eddf,region.catering,available,38.99,38.99,high,low,6,namesilo,,,
97349b2b-cd7f-4700-b93a-344735d568a7,territory.casino,available,6.41,129.58,high,low,9,spaceship,,,29/09/2026 16:20
072fba06-76d8-432a-ab6d-314ac0e69573,territory.tax,available,8.24,54.07,high,low,9,porkbun,,,29/09/2026 16:20
7defc2a8-28b9-4cc0-aef9-ed6b934c4623,geology.mba,available,11.98,49.98,high,low,7,namecheap,,,29/09/2026 07:05
3fe3ad38-a7df-4c49-95e3-fda9020d4987,terrain.foo,premium,129.2,,high,low,7,unstoppable,,,28/09/2026 20:36
640e9e65-4aa0-46db-bfe3-6aa3cc521911,map.gift,premium,156,156,high,medium,3,namecheap,,,29/09/2026 20:12
03ec03fe-d4f0-4f98-bfd5-883710e015a2,atlas.observer,premium,854,854,high,medium,5,namesilo,,,20/09/2026 21:47
0b2a4dae-cab5-4215-a18c-a7d24c40be27,map.healthcare,premium,85.8,85.8,high,medium,3,namecheap,,,29/09/2026 20:12
495c2f00-3973-46f2-8718-5bdc6ffa8d78,atlas.quest,premium,2600,2600,high,medium,5,namecheap,,,20/09/2026 21:47
6403b47d-5339-4d6b-8617-06302ac03fd0,geology.blog,premium,160,640,high,low,7,namesilo,,,29/09/2026 07:05
0d0ce2e0-f288-4cc2-b8cc-6db0a22a2829,terrain.protection,available,2140.22,2140.22,high,low,7,dynadot,,,28/09/2026 20:36
5b117750-62fa-4695-86dd-fd2f314b68cc,territory.name,available,7.31,7.31,high,low,9,porkbun,,,29/09/2026 16:20
6227b689-a505-48c0-a32e-4f159087a044,map.bar,premium,3260.45,4657.7,high,medium,3,spaceship,,,29/09/2026 20:12
2b6a573c-ee14-4da3-b298-50f530ee14e6,map.loans,available,20,,high,medium,3,unstoppable,,,29/09/2026 20:12
c09c517f-d9fc-4cbf-bb67-6d8a93c4c65f,territory.farm,available,15.99,38.99,high,low,9,namesilo,,,29/09/2026 16:20
11bb0f10-221b-4e3c-9b18-fee0c7ea5cac,terrain.win,premium,382.61,55.11,high,low,7,porkbun,,,28/09/2026 20:36
fd6f1657-8695-4b4e-bdd3-06bdee296a1e,terrain.schule,available,22.97,22.97,high,low,7,spaceship,,,28/09/2026 20:36
b3fee406-6327-404f-906e-488dead3f589,region.vin,premium,242,242,high,low,6,namesilo,,,
08458600-9123-4ccb-aa73-b68c31c39c36,territory.cx,available,18.99,18.99,high,low,9,namesilo,,,29/09/2026 16:20
e68f2376-d3b1-46df-91ae-073c8b66ceca,map.vc,resell,,,high,medium,3,www.Names.plus,27/08/2019 01:10,27/08/2027 01:10,29/09/2026 20:12
9f3e339a-b004-4bfd-b768-9693b191ff27,terrain.green,available,10.55,64.37,high,low,7,spaceship,,,28/09/2026 20:36
fd73ec02-cd12-4650-a9b1-7a631b6e4f34,environment.city,available,7.25,28.49,high,low,11,namesilo,,,28/09/2026 03:49
15a139b5-0a3d-4763-890c-5e5b7d6d172d,geographical.homes,available,1.99,14.45,high,low,12,dynadot,,,29/09/2026 21:14
c6e89ea0-a59b-4298-a865-6c8962719bfe,map.food,premium,724.7,1035.2,high,medium,3,spaceship,,,29/09/2026 20:12
91add3dc-ceac-4153-8ac1-f63721fe54d1,geographic.homes,available,1.8,19.98,high,low,10,namecheap,,,18/08/2026 22:27
0e8fb92b-3145-4df8-a1e0-6fea1671cc68,ecosystem.space,premium,258.95,1035.2,high,low,9,spaceship,,,28/09/2026 02:43
d6f0769e-f39d-4abd-878a-fd328ecfbf06,environment.fishing,premium,44,26.97,high,low,11,dynadot,,,28/09/2026 03:49
7204974c-e7d6-453e-85c7-558374fbc7e2,geology.irish,available,7.49,22.49,high,low,7,namesilo,,,29/09/2026 07:05
f67de9ba-1e72-4db0-af79-acec4003b23c,terrain.soy,available,19.05,19.05,high,low,7,porkbun,,,28/09/2026 20:36
03ce3510-d220-4315-8e4d-5e7b93106050,geographical.nyc,available,26.08,26.08,high,low,12,spaceship,,,29/09/2026 21:14
b714a906-60cd-4c26-becb-e905033562a3,earth.international,resell,,,high,medium,5,"Sav.com, LLC - 46",26/03/2026 15:15,26/03/2027 15:15,29/09/2026 16:58
d02a9dde-3988-4234-8a6e-ea367b3342e3,geology.cars,available,2060.25,2064.19,high,low,7,porkbun,,,29/09/2026 07:05
42618d6c-3fff-459b-9e9a-374623531f45,territory.game,available,309.99,429.99,high,low,9,namesilo,,,29/09/2026 16:20
c25c1f2a-c86f-449f-bb27-452a2123c79d,geographical.garden,available,1.98,43.98,high,low,12,namecheap,,,29/09/2026 21:14
2562c176-8861-4378-973c-d89540f90695,atlas.melbourne,premium,185.12,185.12,high,medium,5,namecheap,,,20/09/2026 21:47
ed6eab39-7e76-4da8-a7b3-2604dafed1c2,territory.bargains,available,17.99,26.49,high,low,9,namesilo,,,29/09/2026 16:20
d307ed06-aee3-4608-bd30-65a9a0b5e248,land.spot,premium,1092.18,1092.18,high,low,4,porkbun,,,28/09/2026 18:00
6ddacbd9-50b5-4315-99c9-7f1537eb606b,geographical.quest,available,1.24,13.97,high,low,12,spaceship,,,29/09/2026 21:14
fbfeb08a-bbc6-46c3-8843-d9b1dfdb4dc3,region.luxury,available,49.99,,high,low,6,name.com,,,
d90eb0e8-7e3e-441e-9265-9cd1f4376240,geographical.miami,available,18.2,18.2,high,low,12,cloudflare,,,29/09/2026 21:14
971ccb47-b8f2-4289-b3b6-9fae78044840,geology.market,available,44.49,44.49,high,low,7,namesilo,,,29/09/2026 07:05
acaabd31-8172-4cd4-940a-d15a16906f8d,territory.ceo,available,10.19,129.99,high,low,9,namesilo,,,29/09/2026 16:20
e92fecec-821a-4970-a4db-6c72226984d1,territory.dog,available,7.49,64.99,high,low,9,namesilo,,,29/09/2026 16:20
66d3050c-2f6a-48f3-833a-9674305eb6e8,territory.rent,available,1.18,51.95,high,low,9,spaceship,,,29/09/2026 16:20
03bebefb-fe3a-4f02-a434-eb319a545481,geographical.gallery,available,22.97,22.97,high,low,12,spaceship,,,29/09/2026 21:14
e6d41b19-6226-4f54-a557-df449efc4042,geology.game,available,309.99,429.99,high,low,7,namesilo,,,29/09/2026 07:05
db0116b1-2956-44fd-9ccc-8023309345c4,environment.hair,available,1.8,21.98,high,low,11,namecheap,,,28/09/2026 03:49
fa38ef11-cc86-4224-a94c-95d3da8f93ea,ecosystem.online,premium,3450,3450,high,low,9,namesilo,,,28/09/2026 02:43
3611ed59-2d66-4f84-bb6d-2f378b01e6cb,region.soccer,available,19.99,,high,low,6,name.com,,,
c59910e3-cf00-403f-8caa-64cf78e2c3fb,environment.lat,available,1.24,26.08,high,low,11,spaceship,,,28/09/2026 03:49
5f4efee1-8b61-4706-bbaa-8cf5224277ef,landscape.casa,resell,,,high,low,9,"Sav.com, LLC - 13",06/09/2026 00:00,06/09/2027 00:00,28/09/2026 12:24
27f4cdb3-dae1-4560-b503-3492939380db,ecosystem.lat,available,1.99,32.49,high,low,9,namesilo,,,28/09/2026 02:43
3e1d97fa-f54d-4679-90a1-ce81f1ec3ba4,terrain.beauty,premium,2200,2200,high,low,7,dynadot,,,28/09/2026 20:36
738b30ab-51ba-4d6c-ada3-4f03fdc5b6dc,region.builders,available,7.99,,high,low,6,name.com,,,
42ac8911-f4df-4c8c-a6c0-5a67da44d08d,area.place,resell,14,28,high,low,4,namecheap,,,28/09/2026 22:00
ecd78e12-2208-482d-a998-c49dd15c946b,geology.cab,available,25.2,25.2,high,low,7,cloudflare,,,29/09/2026 07:05
b29e23c7-2eff-429d-ab03-c542adff479c,territory.click,premium,116,116,high,low,9,namesilo,,,29/09/2026 16:20
48a4438c-498b-47a5-ae30-d251f956798a,geographical.spot,premium,100.5,,high,low,12,unstoppable,,,29/09/2026 21:14
9a844c62-8d3c-4953-bbb0-3e62cde0ef0a,land.prof,premium,671.92,671.92,high,low,4,spaceship,,,28/09/2026 18:00
5ede50fd-6569-4de3-8154-6e70fcaf2cfd,map.associates,premium,85.8,85.8,high,medium,3,namecheap,,,29/09/2026 20:12
5261e896-82c4-4858-a784-0296b5649b3a,geology.moda,available,41.99,41.99,high,low,7,namesilo,,,29/09/2026 07:05
146e2ee3-76cf-4463-a167-e7f4265d7458,terrain.diet,premium,2600,2600,high,low,7,namecheap,,,28/09/2026 20:36
a799ac25-4dff-40bd-91fa-9db5a6d0d4af,geology.wtf,available,2.27,29.18,high,low,7,spaceship,,,29/09/2026 07:05
089ceecc-f5b1-40e8-8e2c-fb3a26899c78,geology.vc,available,27.5,27.5,high,low,7,dynadot,,,29/09/2026 07:05
1db55eaa-2b39-4f25-83ac-92ea2c2c6698,territory.cyou,premium,74.75,149.5,high,low,9,namecheap,,,29/09/2026 16:20
12619783-1746-4bb1-b43e-2d5f4eb41161,territory.baby,available,1.99,53.72,high,low,9,dynadot,,,29/09/2026 16:20
29f50f75-b976-4f6d-ab2a-614d19102b37,territory.apartments,available,45.74,45.74,high,low,9,spaceship,,,29/09/2026 16:20
ca3dbf7a-227d-4d30-84ac-090218e9fef6,charting.us,resell,,,high,high,8,"GoDaddy.com, LLC",10/12/2020 02:38,10/12/2026 02:38,26/09/2026 04:52
89e6c24b-08cb-43a2-81ce-3ef9ff4bcd04,earth.report,premium,854,854,high,medium,5,namesilo,,,29/09/2026 16:58
f9dc436d-25f4-4a88-81be-ca6bb2209897,land.garden,premium,828.2,26.08,high,low,4,spaceship,,,28/09/2026 18:00
4a22aedc-5afc-4670-a4d0-f9f0357c4d2a,environment.host,premium,640,640,high,low,11,namesilo,,,28/09/2026 03:49
ac3a8515-9779-475c-88e6-a46bf0d8cdb3,environment.yachts,available,1.24,13.97,high,low,11,spaceship,,,28/09/2026 03:49
b79fa78e-e988-47e8-9bee-2bf115ade9b3,atlas.boutique,resell,,,high,medium,5,Dynadot Inc,02/02/2026 17:00,02/02/2027 17:00,26/09/2026 04:06
88635a0a-61c4-460a-b870-618f92f704f9,region.engineering,available,11.99,,high,low,6,name.com,,,
6bf3786a-67f8-49c3-8c44-4337e68c1730,terrain.hair,premium,2183.84,2183.84,high,low,7,porkbun,,,28/09/2026 20:36
0eb8ed8c-df80-4fcd-99b5-d66046406119,environment.menu,available,27.99,27.99,high,low,11,namesilo,,,28/09/2026 03:49
325f542c-9b58-4aa6-9b05-e22ecb23930a,region.ventures,available,19.99,,high,low,6,name.com,,,
e938c80d-5983-404b-925d-cb9b769c20d9,geographical.zone,available,8.98,51.98,high,low,12,namecheap,,,29/09/2026 21:14
6aa6869c-e030-46c5-a3a2-fd15cf99e729,earth.clinic,premium,78.54,78.54,high,medium,5,namesilo,,,29/09/2026 16:58
6e87716e-2ed3-447e-9da4-f1fbf410705e,earth.tax,resell,,,high,medium,5,"DNSPod, Inc.",01/04/2025 15:15,01/04/2027 15:15,29/09/2026 16:58
47bfafbc-9f52-488f-b65c-8ba1a64dc6f0,environment.how,premium,40.57,40.57,high,low,11,spaceship,,,28/09/2026 03:49
bf2485c9-786f-4a46-95f9-ec1ff8a27030,geographic.construction,available,15.99,50.99,high,low,10,name.com,,,18/08/2026 22:27
8ea886df-8489-4bbc-a332-2bc458190080,geographical.taxi,available,10.5,,high,low,12,unstoppable,,,29/09/2026 21:14
628470d0-f5f7-487d-adce-e70c0fba9554,geographical.pictures,available,16.48,20.98,high,low,12,namecheap,,,29/09/2026 21:14
169d8281-37ca-45de-8054-0f46012c86cc,geology.bet,available,13.5,,high,low,7,unstoppable,,,29/09/2026 07:05
3d7877bd-fa5c-4577-ae54-e38668beab34,territory.bio,available,56.2,56.2,high,low,9,cloudflare,,,29/09/2026 16:20
f6f1a355-d8b0-48a8-b3a6-86fc1b6eefa7,area.cruises,available,56.99,56.99,high,low,4,namesilo,,,28/09/2026 22:00
7acf0055-b1de-47c8-8f93-457efc52ffce,surveying.zone,available,14.99,50.99,high,high,9,name.com,,,
6ebe5917-e931-4660-bfbe-368e237b11d6,geographical.tours,available,5.38,49.88,high,low,12,spaceship,,,29/09/2026 21:14
fc9cc571-4451-4b46-86fd-cd81cc6f3d80,region.gay,premium,53.92,53.92,high,low,6,namesilo,,,